{
"type": "FeatureCollection",
"name": "nepal_poutpoints",
"crs": { "type": "name", "properties": { "name": "urn:ogc:def:crs:OGC:1.3:CRS84" } },
"features": [
{ "type": "Feature", "properties": { "fid": 1, "HYBAS_ID": 4120785840.0000005 }, "geometry": { "type": "Point", "coordinates": [ 81.335416666666902, 29.356250000000102 ] } },
{ "type": "Feature", "properties": { "fid": 2, "HYBAS_ID": 4120786020.0000005 }, "geometry": { "type": "Point", "coordinates": [ 81.335416666666902, 29.352083333333439 ] } },
{ "type": "Feature", "properties": { "fid": 3, "HYBAS_ID": 4121446100.0 }, "geometry": { "type": "Point", "coordinates": [ 81.293750000000273, 29.310416666666811 ] } },
{ "type": "Feature", "properties": { "fid": 4, "HYBAS_ID": 4121446309.9999995 }, "geometry": { "type": "Point", "coordinates": [ 81.252083333333644, 29.289583333333496 ] } },
{ "type": "Feature", "properties": { "fid": 5, "HYBAS_ID": 4121446960.0000005 }, "geometry": { "type": "Point", "coordinates": [ 81.214583333333678, 29.235416666666822 ] } },
{ "type": "Feature", "properties": { "fid": 6, "HYBAS_ID": 4121447860.0 }, "geometry": { "type": "Point", "coordinates": [ 81.38541666666697, 29.172916666666879 ] } },
{ "type": "Feature", "properties": { "fid": 7, "HYBAS_ID": 4120792560.0000005 }, "geometry": { "type": "Point", "coordinates": [ 81.214583333333678, 29.168750000000102 ] } },
{ "type": "Feature", "properties": { "fid": 8, "HYBAS_ID": 4120792810.0 }, "geometry": { "type": "Point", "coordinates": [ 81.218750000000284, 29.160416666666833 ] } },
{ "type": "Feature", "properties": { "fid": 9, "HYBAS_ID": 4120793610.0 }, "geometry": { "type": "Point", "coordinates": [ 81.581250000000239, 29.139583333333519 ] } },
{ "type": "Feature", "properties": { "fid": 10, "HYBAS_ID": 4120793730.0 }, "geometry": { "type": "Point", "coordinates": [ 81.581250000000239, 29.135416666666686 ] } },
{ "type": "Feature", "properties": { "fid": 11, "HYBAS_ID": 4120793900.0 }, "geometry": { "type": "Point", "coordinates": [ 81.56458333333353, 29.13125 ] } },
{ "type": "Feature", "properties": { "fid": 12, "HYBAS_ID": 4120794040.0 }, "geometry": { "type": "Point", "coordinates": [ 81.568750000000193, 29.127083333333474 ] } },
{ "type": "Feature", "properties": { "fid": 13, "HYBAS_ID": 4120794600.0 }, "geometry": { "type": "Point", "coordinates": [ 81.097916666667004, 29.106250000000159 ] } },
{ "type": "Feature", "properties": { "fid": 14, "HYBAS_ID": 4120794750.0 }, "geometry": { "type": "Point", "coordinates": [ 81.097916666667004, 29.102083333333496 ] } },
{ "type": "Feature", "properties": { "fid": 15, "HYBAS_ID": 4120794760.0 }, "geometry": { "type": "Point", "coordinates": [ 81.102083333333667, 29.102083333333496 ] } },
{ "type": "Feature", "properties": { "fid": 16, "HYBAS_ID": 4120794770.0 }, "geometry": { "type": "Point", "coordinates": [ 81.110416666666879, 29.102083333333496 ] } },
{ "type": "Feature", "properties": { "fid": 17, "HYBAS_ID": 4121449160.0 }, "geometry": { "type": "Point", "coordinates": [ 81.468750000000227, 29.077083333333405 ] } },
{ "type": "Feature", "properties": { "fid": 18, "HYBAS_ID": 4120797400.0 }, "geometry": { "type": "Point", "coordinates": [ 81.143750000000296, 29.022916666666674 ] } },
{ "type": "Feature", "properties": { "fid": 19, "HYBAS_ID": 4120797410.0 }, "geometry": { "type": "Point", "coordinates": [ 81.147916666666902, 29.022916666666674 ] } },
{ "type": "Feature", "properties": { "fid": 20, "HYBAS_ID": 4121449890.0 }, "geometry": { "type": "Point", "coordinates": [ 81.422916666666993, 29.022916666666674 ] } },
{ "type": "Feature", "properties": { "fid": 21, "HYBAS_ID": 4120799140.0000005 }, "geometry": { "type": "Point", "coordinates": [ 81.031250000000284, 28.968750000000171 ] } },
{ "type": "Feature", "properties": { "fid": 22, "HYBAS_ID": 4120799150.0 }, "geometry": { "type": "Point", "coordinates": [ 81.03541666666689, 28.968750000000171 ] } },
{ "type": "Feature", "properties": { "fid": 23, "HYBAS_ID": 4120799160.0 }, "geometry": { "type": "Point", "coordinates": [ 81.102083333333667, 28.968750000000171 ] } },
{ "type": "Feature", "properties": { "fid": 24, "HYBAS_ID": 4120799259.9999995 }, "geometry": { "type": "Point", "coordinates": [ 81.106250000000273, 28.964583333333394 ] } },
{ "type": "Feature", "properties": { "fid": 25, "HYBAS_ID": 4120800980.0 }, "geometry": { "type": "Point", "coordinates": [ 81.477083333333667, 28.914583333333496 ] } },
{ "type": "Feature", "properties": { "fid": 26, "HYBAS_ID": 4120800990.0 }, "geometry": { "type": "Point", "coordinates": [ 81.485416666666936, 28.914583333333496 ] } },
{ "type": "Feature", "properties": { "fid": 27, "HYBAS_ID": 4121451240.0 }, "geometry": { "type": "Point", "coordinates": [ 81.260416666666913, 28.90625 ] } },
{ "type": "Feature", "properties": { "fid": 28, "HYBAS_ID": 4121451250.0 }, "geometry": { "type": "Point", "coordinates": [ 81.435416666666868, 28.90625 ] } },
{ "type": "Feature", "properties": { "fid": 29, "HYBAS_ID": 4121451599.9999995 }, "geometry": { "type": "Point", "coordinates": [ 81.052083333333599, 28.877083333333474 ] } },
{ "type": "Feature", "properties": { "fid": 30, "HYBAS_ID": 4121451710.0 }, "geometry": { "type": "Point", "coordinates": [ 81.135416666666856, 28.872916666666868 ] } },
{ "type": "Feature", "properties": { "fid": 31, "HYBAS_ID": 4121452210.0 }, "geometry": { "type": "Point", "coordinates": [ 81.23125000000033, 28.83125 ] } },
{ "type": "Feature", "properties": { "fid": 32, "HYBAS_ID": 4120805360.0000005 }, "geometry": { "type": "Point", "coordinates": [ 81.577083333333633, 28.781250000000171 ] } },
{ "type": "Feature", "properties": { "fid": 33, "HYBAS_ID": 4120805370.0000005 }, "geometry": { "type": "Point", "coordinates": [ 81.581250000000239, 28.781250000000171 ] } },
{ "type": "Feature", "properties": { "fid": 34, "HYBAS_ID": 4121453000.0 }, "geometry": { "type": "Point", "coordinates": [ 81.343750000000341, 28.772916666666731 ] } },
{ "type": "Feature", "properties": { "fid": 35, "HYBAS_ID": 4120826750.0 }, "geometry": { "type": "Point", "coordinates": [ 83.231250000000273, 28.110416666666765 ] } },
{ "type": "Feature", "properties": { "fid": 36, "HYBAS_ID": 4120828630.0 }, "geometry": { "type": "Point", "coordinates": [ 82.78541666666689, 28.04375 ] } },
{ "type": "Feature", "properties": { "fid": 37, "HYBAS_ID": 4120828640.0 }, "geometry": { "type": "Point", "coordinates": [ 82.789583333333553, 28.04375 ] } },
{ "type": "Feature", "properties": { "fid": 38, "HYBAS_ID": 4120830080.0 }, "geometry": { "type": "Point", "coordinates": [ 82.960416666667015, 27.997916666666754 ] } },
{ "type": "Feature", "properties": { "fid": 39, "HYBAS_ID": 4120830139.9999995 }, "geometry": { "type": "Point", "coordinates": [ 82.956250000000239, 27.993750000000148 ] } },
{ "type": "Feature", "properties": { "fid": 40, "HYBAS_ID": 4120831510.0 }, "geometry": { "type": "Point", "coordinates": [ 83.285416666667004, 27.94375 ] } },
{ "type": "Feature", "properties": { "fid": 41, "HYBAS_ID": 4120831520.0 }, "geometry": { "type": "Point", "coordinates": [ 83.28958333333361, 27.94375 ] } },
{ "type": "Feature", "properties": { "fid": 42, "HYBAS_ID": 4120831720.0 }, "geometry": { "type": "Point", "coordinates": [ 82.93958333333353, 27.935416666666811 ] } },
{ "type": "Feature", "properties": { "fid": 43, "HYBAS_ID": 4120831820.0 }, "geometry": { "type": "Point", "coordinates": [ 82.94791666666697, 27.931250000000205 ] } },
{ "type": "Feature", "properties": { "fid": 44, "HYBAS_ID": 4121464510.0 }, "geometry": { "type": "Point", "coordinates": [ 83.310416666666924, 27.927083333333428 ] } },
{ "type": "Feature", "properties": { "fid": 45, "HYBAS_ID": 4120832240.0000005 }, "geometry": { "type": "Point", "coordinates": [ 82.922916666666879, 27.91041666666672 ] } },
{ "type": "Feature", "properties": { "fid": 46, "HYBAS_ID": 4120832370.0 }, "geometry": { "type": "Point", "coordinates": [ 82.922916666666879, 27.902083333333451 ] } },
{ "type": "Feature", "properties": { "fid": 47, "HYBAS_ID": 4120832770.0 }, "geometry": { "type": "Point", "coordinates": [ 82.810416666666868, 27.885416666666799 ] } },
{ "type": "Feature", "properties": { "fid": 48, "HYBAS_ID": 4120832900.0000005 }, "geometry": { "type": "Point", "coordinates": [ 82.802083333333599, 27.881250000000136 ] } },
{ "type": "Feature", "properties": { "fid": 49, "HYBAS_ID": 4121454850.0 }, "geometry": { "type": "Point", "coordinates": [ 83.618750000000205, 28.631250000000193 ] } },
{ "type": "Feature", "properties": { "fid": 50, "HYBAS_ID": 4121455660.0 }, "geometry": { "type": "Point", "coordinates": [ 83.281250000000341, 28.572916666666856 ] } },
{ "type": "Feature", "properties": { "fid": 51, "HYBAS_ID": 4121455720.0 }, "geometry": { "type": "Point", "coordinates": [ 82.91458333333361, 28.56875 ] } },
{ "type": "Feature", "properties": { "fid": 52, "HYBAS_ID": 4120813050.0000005 }, "geometry": { "type": "Point", "coordinates": [ 83.364583333333599, 28.543750000000102 ] } },
{ "type": "Feature", "properties": { "fid": 53, "HYBAS_ID": 4120813280.0 }, "geometry": { "type": "Point", "coordinates": [ 83.356250000000159, 28.539583333333496 ] } },
{ "type": "Feature", "properties": { "fid": 54, "HYBAS_ID": 4120813690.0000005 }, "geometry": { "type": "Point", "coordinates": [ 83.656250000000171, 28.527083333333451 ] } },
{ "type": "Feature", "properties": { "fid": 55, "HYBAS_ID": 4120813700.0000005 }, "geometry": { "type": "Point", "coordinates": [ 83.660416666667004, 28.527083333333451 ] } },
{ "type": "Feature", "properties": { "fid": 56, "HYBAS_ID": 4121456320.0 }, "geometry": { "type": "Point", "coordinates": [ 83.510416666666799, 28.522916666666788 ] } },
{ "type": "Feature", "properties": { "fid": 57, "HYBAS_ID": 4121456800.0 }, "geometry": { "type": "Point", "coordinates": [ 83.072916666666856, 28.489583333333428 ] } },
{ "type": "Feature", "properties": { "fid": 58, "HYBAS_ID": 4121457080.0 }, "geometry": { "type": "Point", "coordinates": [ 83.63125000000025, 28.468750000000114 ] } },
{ "type": "Feature", "properties": { "fid": 59, "HYBAS_ID": 4121457120.0 }, "geometry": { "type": "Point", "coordinates": [ 83.381250000000307, 28.464583333333508 ] } },
{ "type": "Feature", "properties": { "fid": 60, "HYBAS_ID": 4121458010.0000005 }, "geometry": { "type": "Point", "coordinates": [ 83.397916666667015, 28.406250000000171 ] } },
{ "type": "Feature", "properties": { "fid": 61, "HYBAS_ID": 4120818120.0 }, "geometry": { "type": "Point", "coordinates": [ 83.568750000000307, 28.377083333333417 ] } },
{ "type": "Feature", "properties": { "fid": 62, "HYBAS_ID": 4120818130.0 }, "geometry": { "type": "Point", "coordinates": [ 83.572916666666913, 28.377083333333417 ] } },
{ "type": "Feature", "properties": { "fid": 63, "HYBAS_ID": 4120819000.0 }, "geometry": { "type": "Point", "coordinates": [ 83.568750000000307, 28.347916666666833 ] } },
{ "type": "Feature", "properties": { "fid": 64, "HYBAS_ID": 4120819220.0 }, "geometry": { "type": "Point", "coordinates": [ 83.56458333333353, 28.34375 ] } },
{ "type": "Feature", "properties": { "fid": 65, "HYBAS_ID": 4120819370.0 }, "geometry": { "type": "Point", "coordinates": [ 83.160416666666947, 28.339583333333394 ] } },
{ "type": "Feature", "properties": { "fid": 66, "HYBAS_ID": 4120819470.0 }, "geometry": { "type": "Point", "coordinates": [ 83.164583333333553, 28.335416666666788 ] } },
{ "type": "Feature", "properties": { "fid": 67, "HYBAS_ID": 4120819760.0000005 }, "geometry": { "type": "Point", "coordinates": [ 83.160416666666947, 28.327083333333519 ] } },
{ "type": "Feature", "properties": { "fid": 68, "HYBAS_ID": 4120819919.9999995 }, "geometry": { "type": "Point", "coordinates": [ 83.156250000000284, 28.322916666666742 ] } },
{ "type": "Feature", "properties": { "fid": 69, "HYBAS_ID": 4120821770.0 }, "geometry": { "type": "Point", "coordinates": [ 83.610416666666936, 28.264583333333405 ] } },
{ "type": "Feature", "properties": { "fid": 70, "HYBAS_ID": 4120821960.0 }, "geometry": { "type": "Point", "coordinates": [ 83.610416666666936, 28.260416666666799 ] } },
{ "type": "Feature", "properties": { "fid": 71, "HYBAS_ID": 4121460539.9999995 }, "geometry": { "type": "Point", "coordinates": [ 83.422916666666936, 28.222916666666777 ] } },
{ "type": "Feature", "properties": { "fid": 72, "HYBAS_ID": 4120823790.0 }, "geometry": { "type": "Point", "coordinates": [ 83.672916666666879, 28.206250000000125 ] } },
{ "type": "Feature", "properties": { "fid": 73, "HYBAS_ID": 4121460780.0 }, "geometry": { "type": "Point", "coordinates": [ 82.985416666666993, 28.197916666666856 ] } },
{ "type": "Feature", "properties": { "fid": 74, "HYBAS_ID": 4120824260.0000005 }, "geometry": { "type": "Point", "coordinates": [ 83.272916666666902, 28.189583333333417 ] } },
{ "type": "Feature", "properties": { "fid": 75, "HYBAS_ID": 4120824270.0 }, "geometry": { "type": "Point", "coordinates": [ 83.281250000000341, 28.189583333333417 ] } },
{ "type": "Feature", "properties": { "fid": 76, "HYBAS_ID": 4120825520.0000005 }, "geometry": { "type": "Point", "coordinates": [ 82.906250000000341, 28.152083333333394 ] } },
{ "type": "Feature", "properties": { "fid": 77, "HYBAS_ID": 4121461430.0 }, "geometry": { "type": "Point", "coordinates": [ 83.635416666666856, 28.152083333333394 ] } },
{ "type": "Feature", "properties": { "fid": 78, "HYBAS_ID": 4120825659.9999995 }, "geometry": { "type": "Point", "coordinates": [ 82.91458333333361, 28.147916666666788 ] } },
{ "type": "Feature", "properties": { "fid": 79, "HYBAS_ID": 4120826330.0000005 }, "geometry": { "type": "Point", "coordinates": [ 83.318750000000193, 28.127083333333474 ] } },
{ "type": "Feature", "properties": { "fid": 80, "HYBAS_ID": 4120826510.0 }, "geometry": { "type": "Point", "coordinates": [ 83.231250000000273, 28.118750000000205 ] } },
{ "type": "Feature", "properties": { "fid": 81, "HYBAS_ID": 4120826520.0 }, "geometry": { "type": "Point", "coordinates": [ 83.31458333333353, 28.118750000000205 ] } },
{ "type": "Feature", "properties": { "fid": 82, "HYBAS_ID": 4121462309.9999995 }, "geometry": { "type": "Point", "coordinates": [ 83.581250000000352, 28.08125 ] } },
{ "type": "Feature", "properties": { "fid": 83, "HYBAS_ID": 4120775579.9999995 }, "geometry": { "type": "Point", "coordinates": [ 80.610416666666993, 29.69375 ] } },
{ "type": "Feature", "properties": { "fid": 84, "HYBAS_ID": 4120775759.9999995 }, "geometry": { "type": "Point", "coordinates": [ 80.614583333333655, 29.689583333333474 ] } },
{ "type": "Feature", "properties": { "fid": 85, "HYBAS_ID": 4120777110.0 }, "geometry": { "type": "Point", "coordinates": [ 80.50625000000025, 29.64375 ] } },
{ "type": "Feature", "properties": { "fid": 86, "HYBAS_ID": 4120777260.0 }, "geometry": { "type": "Point", "coordinates": [ 80.510416666666856, 29.639583333333405 ] } },
{ "type": "Feature", "properties": { "fid": 87, "HYBAS_ID": 4120778440.0 }, "geometry": { "type": "Point", "coordinates": [ 80.414583333333553, 29.60625 ] } },
{ "type": "Feature", "properties": { "fid": 88, "HYBAS_ID": 4120778779.9999995 }, "geometry": { "type": "Point", "coordinates": [ 80.85625000000033, 29.593750000000171 ] } },
{ "type": "Feature", "properties": { "fid": 89, "HYBAS_ID": 4120778789.9999995 }, "geometry": { "type": "Point", "coordinates": [ 80.864583333333599, 29.593750000000171 ] } },
{ "type": "Feature", "properties": { "fid": 90, "HYBAS_ID": 4121443500.0 }, "geometry": { "type": "Point", "coordinates": [ 80.577083333333633, 29.50625 ] } },
{ "type": "Feature", "properties": { "fid": 91, "HYBAS_ID": 4120783200.0 }, "geometry": { "type": "Point", "coordinates": [ 80.272916666667015, 29.45625 ] } },
{ "type": "Feature", "properties": { "fid": 92, "HYBAS_ID": 4120783360.0 }, "geometry": { "type": "Point", "coordinates": [ 80.906250000000227, 29.452083333333405 ] } },
{ "type": "Feature", "properties": { "fid": 93, "HYBAS_ID": 4121444340.0 }, "geometry": { "type": "Point", "coordinates": [ 80.493750000000205, 29.443750000000136 ] } },
{ "type": "Feature", "properties": { "fid": 94, "HYBAS_ID": 4120784250.0000005 }, "geometry": { "type": "Point", "coordinates": [ 80.868750000000205, 29.41875 ] } },
{ "type": "Feature", "properties": { "fid": 95, "HYBAS_ID": 4120784430.0 }, "geometry": { "type": "Point", "coordinates": [ 80.868750000000205, 29.410416666666777 ] } },
{ "type": "Feature", "properties": { "fid": 96, "HYBAS_ID": 4120785410.0 }, "geometry": { "type": "Point", "coordinates": [ 80.785416666666947, 29.368750000000148 ] } },
{ "type": "Feature", "properties": { "fid": 97, "HYBAS_ID": 4120785420.0 }, "geometry": { "type": "Point", "coordinates": [ 80.818750000000307, 29.368750000000148 ] } },
{ "type": "Feature", "properties": { "fid": 98, "HYBAS_ID": 4120785620.0 }, "geometry": { "type": "Point", "coordinates": [ 80.789583333333553, 29.364583333333314 ] } },
{ "type": "Feature", "properties": { "fid": 99, "HYBAS_ID": 4120785730.0 }, "geometry": { "type": "Point", "coordinates": [ 80.410416666666947, 29.360416666666879 ] } },
{ "type": "Feature", "properties": { "fid": 100, "HYBAS_ID": 4120785740.0 }, "geometry": { "type": "Point", "coordinates": [ 80.818750000000307, 29.360416666666879 ] } },
{ "type": "Feature", "properties": { "fid": 101, "HYBAS_ID": 4120786010.0000005 }, "geometry": { "type": "Point", "coordinates": [ 80.406250000000284, 29.352083333333439 ] } },
{ "type": "Feature", "properties": { "fid": 102, "HYBAS_ID": 4120786959.9999995 }, "geometry": { "type": "Point", "coordinates": [ 80.456250000000352, 29.327083333333519 ] } },
{ "type": "Feature", "properties": { "fid": 103, "HYBAS_ID": 4120787150.0 }, "geometry": { "type": "Point", "coordinates": [ 80.452083333333576, 29.322916666666686 ] } },
{ "type": "Feature", "properties": { "fid": 104, "HYBAS_ID": 4120787460.0000005 }, "geometry": { "type": "Point", "coordinates": [ 80.31875000000025, 29.314583333333474 ] } },
{ "type": "Feature", "properties": { "fid": 105, "HYBAS_ID": 4120787640.0 }, "geometry": { "type": "Point", "coordinates": [ 80.322916666666856, 29.310416666666811 ] } },
{ "type": "Feature", "properties": { "fid": 106, "HYBAS_ID": 4121436820.0 }, "geometry": { "type": "Point", "coordinates": [ 80.772916666666902, 30.052083333333428 ] } },
{ "type": "Feature", "properties": { "fid": 107, "HYBAS_ID": 4121438110.0 }, "geometry": { "type": "Point", "coordinates": [ 81.356250000000216, 29.947916666666856 ] } },
{ "type": "Feature", "properties": { "fid": 108, "HYBAS_ID": 4121438479.9999995 }, "geometry": { "type": "Point", "coordinates": [ 81.097916666667004, 29.922916666666708 ] } },
{ "type": "Feature", "properties": { "fid": 109, "HYBAS_ID": 4121438949.9999995 }, "geometry": { "type": "Point", "coordinates": [ 81.310416666666981, 29.889583333333519 ] } },
{ "type": "Feature", "properties": { "fid": 110, "HYBAS_ID": 4120769380.0000005 }, "geometry": { "type": "Point", "coordinates": [ 81.168750000000216, 29.877083333333474 ] } },
{ "type": "Feature", "properties": { "fid": 111, "HYBAS_ID": 4120769659.9999995 }, "geometry": { "type": "Point", "coordinates": [ 81.16458333333361, 29.872916666666868 ] } },
{ "type": "Feature", "properties": { "fid": 112, "HYBAS_ID": 4120770900.0 }, "geometry": { "type": "Point", "coordinates": [ 80.88125000000025, 29.835416666666845 ] } },
{ "type": "Feature", "properties": { "fid": 113, "HYBAS_ID": 4120771090.0 }, "geometry": { "type": "Point", "coordinates": [ 80.88125000000025, 29.83125 ] } },
{ "type": "Feature", "properties": { "fid": 114, "HYBAS_ID": 4120771200.0 }, "geometry": { "type": "Point", "coordinates": [ 81.260416666666913, 29.827083333333405 ] } },
{ "type": "Feature", "properties": { "fid": 115, "HYBAS_ID": 4120771210.0 }, "geometry": { "type": "Point", "coordinates": [ 81.268750000000352, 29.827083333333405 ] } },
{ "type": "Feature", "properties": { "fid": 116, "HYBAS_ID": 4121440130.0 }, "geometry": { "type": "Point", "coordinates": [ 80.839583333333621, 29.797916666666822 ] } },
{ "type": "Feature", "properties": { "fid": 117, "HYBAS_ID": 4121440420.0000005 }, "geometry": { "type": "Point", "coordinates": [ 81.431250000000205, 29.781250000000171 ] } },
{ "type": "Feature", "properties": { "fid": 118, "HYBAS_ID": 4121440740.0000005 }, "geometry": { "type": "Point", "coordinates": [ 80.802083333333655, 29.752083333333417 ] } },
{ "type": "Feature", "properties": { "fid": 119, "HYBAS_ID": 4120774400.0 }, "geometry": { "type": "Point", "coordinates": [ 81.314583333333587, 29.727083333333496 ] } },
{ "type": "Feature", "properties": { "fid": 120, "HYBAS_ID": 4120774410.0 }, "geometry": { "type": "Point", "coordinates": [ 81.31875000000025, 29.727083333333496 ] } },
{ "type": "Feature", "properties": { "fid": 121, "HYBAS_ID": 4121441920.0 }, "geometry": { "type": "Point", "coordinates": [ 80.97708333333361, 29.652083333333451 ] } },
{ "type": "Feature", "properties": { "fid": 122, "HYBAS_ID": 4121442110.0 }, "geometry": { "type": "Point", "coordinates": [ 81.306250000000148, 29.639583333333405 ] } },
{ "type": "Feature", "properties": { "fid": 123, "HYBAS_ID": 4120779230.0 }, "geometry": { "type": "Point", "coordinates": [ 81.227083333333553, 29.58125 ] } },
{ "type": "Feature", "properties": { "fid": 124, "HYBAS_ID": 4120779240.0 }, "geometry": { "type": "Point", "coordinates": [ 81.235416666666993, 29.58125 ] } },
{ "type": "Feature", "properties": { "fid": 125, "HYBAS_ID": 4120779860.0 }, "geometry": { "type": "Point", "coordinates": [ 81.202083333333576, 29.556250000000148 ] } },
{ "type": "Feature", "properties": { "fid": 126, "HYBAS_ID": 4120779870.0 }, "geometry": { "type": "Point", "coordinates": [ 81.206250000000239, 29.556250000000148 ] } },
{ "type": "Feature", "properties": { "fid": 127, "HYBAS_ID": 4121443109.9999995 }, "geometry": { "type": "Point", "coordinates": [ 81.460416666666958, 29.543750000000102 ] } },
{ "type": "Feature", "properties": { "fid": 128, "HYBAS_ID": 4120781650.0 }, "geometry": { "type": "Point", "coordinates": [ 81.135416666666856, 29.502083333333474 ] } },
{ "type": "Feature", "properties": { "fid": 129, "HYBAS_ID": 4120781790.0 }, "geometry": { "type": "Point", "coordinates": [ 81.131250000000193, 29.497916666666811 ] } },
{ "type": "Feature", "properties": { "fid": 130, "HYBAS_ID": 4121443749.9999995 }, "geometry": { "type": "Point", "coordinates": [ 81.022916666667015, 29.481250000000159 ] } },
{ "type": "Feature", "properties": { "fid": 131, "HYBAS_ID": 4120783370.0 }, "geometry": { "type": "Point", "coordinates": [ 80.914583333333667, 29.452083333333405 ] } },
{ "type": "Feature", "properties": { "fid": 132, "HYBAS_ID": 4120783380.0 }, "geometry": { "type": "Point", "coordinates": [ 81.460416666666958, 29.452083333333405 ] } },
{ "type": "Feature", "properties": { "fid": 133, "HYBAS_ID": 4120783390.0 }, "geometry": { "type": "Point", "coordinates": [ 81.464583333333621, 29.452083333333405 ] } },
{ "type": "Feature", "properties": { "fid": 134, "HYBAS_ID": 4121439080.0 }, "geometry": { "type": "Point", "coordinates": [ 81.656250000000227, 29.88125 ] } },
{ "type": "Feature", "properties": { "fid": 135, "HYBAS_ID": 4120772300.0 }, "geometry": { "type": "Point", "coordinates": [ 81.735416666666879, 29.79375 ] } },
{ "type": "Feature", "properties": { "fid": 136, "HYBAS_ID": 4120772310.0 }, "geometry": { "type": "Point", "coordinates": [ 81.743750000000318, 29.79375 ] } },
{ "type": "Feature", "properties": { "fid": 137, "HYBAS_ID": 4120776890.0000005 }, "geometry": { "type": "Point", "coordinates": [ 81.70208333333369, 29.652083333333451 ] } },
{ "type": "Feature", "properties": { "fid": 138, "HYBAS_ID": 4120777019.9999995 }, "geometry": { "type": "Point", "coordinates": [ 81.697916666666856, 29.647916666666845 ] } },
{ "type": "Feature", "properties": { "fid": 139, "HYBAS_ID": 4120778319.9999995 }, "geometry": { "type": "Point", "coordinates": [ 81.777083333333678, 29.610416666666822 ] } },
{ "type": "Feature", "properties": { "fid": 140, "HYBAS_ID": 4120778450.0 }, "geometry": { "type": "Point", "coordinates": [ 81.768750000000239, 29.60625 ] } },
{ "type": "Feature", "properties": { "fid": 141, "HYBAS_ID": 4120780830.0 }, "geometry": { "type": "Point", "coordinates": [ 81.793750000000159, 29.535416666666833 ] } },
{ "type": "Feature", "properties": { "fid": 142, "HYBAS_ID": 4120781080.0 }, "geometry": { "type": "Point", "coordinates": [ 81.797916666666993, 29.527083333333394 ] } },
{ "type": "Feature", "properties": { "fid": 143, "HYBAS_ID": 4120782420.0 }, "geometry": { "type": "Point", "coordinates": [ 81.714583333333564, 29.477083333333326 ] } },
{ "type": "Feature", "properties": { "fid": 144, "HYBAS_ID": 4120782430.0 }, "geometry": { "type": "Point", "coordinates": [ 81.718750000000341, 29.477083333333326 ] } },
{ "type": "Feature", "properties": { "fid": 145, "HYBAS_ID": 4121444830.0 }, "geometry": { "type": "Point", "coordinates": [ 81.718750000000341, 29.410416666666777 ] } },
{ "type": "Feature", "properties": { "fid": 146, "HYBAS_ID": 4120787470.0 }, "geometry": { "type": "Point", "coordinates": [ 81.75208333333353, 29.314583333333474 ] } },
{ "type": "Feature", "properties": { "fid": 147, "HYBAS_ID": 4120787480.0 }, "geometry": { "type": "Point", "coordinates": [ 81.76041666666697, 29.314583333333474 ] } },
{ "type": "Feature", "properties": { "fid": 148, "HYBAS_ID": 4121459370.0 }, "geometry": { "type": "Point", "coordinates": [ 82.018750000000352, 28.306250000000205 ] } },
{ "type": "Feature", "properties": { "fid": 149, "HYBAS_ID": 4121459790.0 }, "geometry": { "type": "Point", "coordinates": [ 82.10208333333361, 28.277083333333451 ] } },
{ "type": "Feature", "properties": { "fid": 150, "HYBAS_ID": 4120821580.0 }, "geometry": { "type": "Point", "coordinates": [ 81.91458333333361, 28.26875 ] } },
{ "type": "Feature", "properties": { "fid": 151, "HYBAS_ID": 4120821950.0 }, "geometry": { "type": "Point", "coordinates": [ 81.910416666667004, 28.260416666666799 ] } },
{ "type": "Feature", "properties": { "fid": 152, "HYBAS_ID": 4121460470.0 }, "geometry": { "type": "Point", "coordinates": [ 81.577083333333633, 28.227083333333439 ] } },
{ "type": "Feature", "properties": { "fid": 153, "HYBAS_ID": 4121460930.0 }, "geometry": { "type": "Point", "coordinates": [ 81.531250000000341, 28.185416666666811 ] } },
{ "type": "Feature", "properties": { "fid": 154, "HYBAS_ID": 4121461019.9999995 }, "geometry": { "type": "Point", "coordinates": [ 82.031250000000227, 28.181250000000148 ] } },
{ "type": "Feature", "properties": { "fid": 155, "HYBAS_ID": 4121461250.0 }, "geometry": { "type": "Point", "coordinates": [ 82.093750000000171, 28.164583333333496 ] } },
{ "type": "Feature", "properties": { "fid": 156, "HYBAS_ID": 4121461870.0 }, "geometry": { "type": "Point", "coordinates": [ 82.114583333333485, 28.122916666666868 ] } },
{ "type": "Feature", "properties": { "fid": 157, "HYBAS_ID": 4120827190.0 }, "geometry": { "type": "Point", "coordinates": [ 81.522916666666902, 28.089583333333451 ] } },
{ "type": "Feature", "properties": { "fid": 158, "HYBAS_ID": 4120827380.0 }, "geometry": { "type": "Point", "coordinates": [ 81.735416666666879, 28.085416666666845 ] } },
{ "type": "Feature", "properties": { "fid": 159, "HYBAS_ID": 4120827490.0 }, "geometry": { "type": "Point", "coordinates": [ 81.527083333333564, 28.08125 ] } },
{ "type": "Feature", "properties": { "fid": 160, "HYBAS_ID": 4120827500.0 }, "geometry": { "type": "Point", "coordinates": [ 81.735416666666879, 28.08125 ] } },
{ "type": "Feature", "properties": { "fid": 161, "HYBAS_ID": 4121462510.0 }, "geometry": { "type": "Point", "coordinates": [ 81.827083333333576, 28.068750000000136 ] } },
{ "type": "Feature", "properties": { "fid": 162, "HYBAS_ID": 4120828350.0 }, "geometry": { "type": "Point", "coordinates": [ 81.722916666667004, 28.05625 ] } },
{ "type": "Feature", "properties": { "fid": 163, "HYBAS_ID": 4121462779.9999995 }, "geometry": { "type": "Point", "coordinates": [ 81.868750000000205, 28.052083333333485 ] } },
{ "type": "Feature", "properties": { "fid": 164, "HYBAS_ID": 4120828510.0 }, "geometry": { "type": "Point", "coordinates": [ 81.722916666667004, 28.047916666666822 ] } },
{ "type": "Feature", "properties": { "fid": 165, "HYBAS_ID": 4121462860.0 }, "geometry": { "type": "Point", "coordinates": [ 81.918750000000273, 28.047916666666822 ] } },
{ "type": "Feature", "properties": { "fid": 166, "HYBAS_ID": 4121463099.9999995 }, "geometry": { "type": "Point", "coordinates": [ 81.968750000000284, 28.031250000000171 ] } },
{ "type": "Feature", "properties": { "fid": 167, "HYBAS_ID": 4121463330.0 }, "geometry": { "type": "Point", "coordinates": [ 82.072916666666856, 28.010416666666856 ] } },
{ "type": "Feature", "properties": { "fid": 168, "HYBAS_ID": 4121464330.0 }, "geometry": { "type": "Point", "coordinates": [ 81.772916666666845, 27.939583333333474 ] } },
{ "type": "Feature", "properties": { "fid": 169, "HYBAS_ID": 4121472200.0 }, "geometry": { "type": "Point", "coordinates": [ 85.206250000000296, 27.318750000000136 ] } },
{ "type": "Feature", "properties": { "fid": 170, "HYBAS_ID": 4121472790.0 }, "geometry": { "type": "Point", "coordinates": [ 85.185416666666981, 27.277083333333508 ] } },
{ "type": "Feature", "properties": { "fid": 171, "HYBAS_ID": 4121474319.9999995 }, "geometry": { "type": "Point", "coordinates": [ 85.189583333333644, 27.152083333333451 ] } },
{ "type": "Feature", "properties": { "fid": 172, "HYBAS_ID": 4121475150.0 }, "geometry": { "type": "Point", "coordinates": [ 85.214583333333564, 27.102083333333383 ] } },
{ "type": "Feature", "properties": { "fid": 173, "HYBAS_ID": 4120859960.0 }, "geometry": { "type": "Point", "coordinates": [ 84.964583333333621, 27.04375 ] } },
{ "type": "Feature", "properties": { "fid": 174, "HYBAS_ID": 4120860090.0000005 }, "geometry": { "type": "Point", "coordinates": [ 84.968750000000227, 27.039583333333439 ] } },
{ "type": "Feature", "properties": { "fid": 175, "HYBAS_ID": 4121476510.0 }, "geometry": { "type": "Point", "coordinates": [ 85.110416666666993, 27.00625 ] } },
{ "type": "Feature", "properties": { "fid": 176, "HYBAS_ID": 4121476610.0 }, "geometry": { "type": "Point", "coordinates": [ 85.022916666666958, 26.993750000000148 ] } },
{ "type": "Feature", "properties": { "fid": 177, "HYBAS_ID": 4121477710.0 }, "geometry": { "type": "Point", "coordinates": [ 85.064583333333587, 26.91041666666672 ] } },
{ "type": "Feature", "properties": { "fid": 178, "HYBAS_ID": 4121455030.0 }, "geometry": { "type": "Point", "coordinates": [ 81.493750000000148, 28.614583333333485 ] } },
{ "type": "Feature", "properties": { "fid": 179, "HYBAS_ID": 4121455650.0 }, "geometry": { "type": "Point", "coordinates": [ 81.547916666666879, 28.572916666666856 ] } },
{ "type": "Feature", "properties": { "fid": 180, "HYBAS_ID": 4121455820.0 }, "geometry": { "type": "Point", "coordinates": [ 81.256250000000307, 28.560416666666811 ] } },
{ "type": "Feature", "properties": { "fid": 181, "HYBAS_ID": 4120814120.0 }, "geometry": { "type": "Point", "coordinates": [ 81.652083333333621, 28.514583333333348 ] } },
{ "type": "Feature", "properties": { "fid": 182, "HYBAS_ID": 4120814130.0 }, "geometry": { "type": "Point", "coordinates": [ 81.689583333333587, 28.514583333333348 ] } },
{ "type": "Feature", "properties": { "fid": 183, "HYBAS_ID": 4120814220.0 }, "geometry": { "type": "Point", "coordinates": [ 81.647916666666958, 28.510416666666742 ] } },
{ "type": "Feature", "properties": { "fid": 184, "HYBAS_ID": 4120814230.0 }, "geometry": { "type": "Point", "coordinates": [ 81.69375000000025, 28.510416666666742 ] } },
{ "type": "Feature", "properties": { "fid": 185, "HYBAS_ID": 4121457470.0 }, "geometry": { "type": "Point", "coordinates": [ 81.464583333333621, 28.43958333333353 ] } },
{ "type": "Feature", "properties": { "fid": 186, "HYBAS_ID": 4121457860.0000005 }, "geometry": { "type": "Point", "coordinates": [ 81.577083333333633, 28.414583333333439 ] } },
{ "type": "Feature", "properties": { "fid": 187, "HYBAS_ID": 4120817220.0000005 }, "geometry": { "type": "Point", "coordinates": [ 81.202083333333576, 28.406250000000171 ] } },
{ "type": "Feature", "properties": { "fid": 188, "HYBAS_ID": 4120817430.0 }, "geometry": { "type": "Point", "coordinates": [ 81.206250000000239, 28.402083333333337 ] } },
{ "type": "Feature", "properties": { "fid": 189, "HYBAS_ID": 4120817710.0 }, "geometry": { "type": "Point", "coordinates": [ 81.31875000000025, 28.393750000000125 ] } },
{ "type": "Feature", "properties": { "fid": 190, "HYBAS_ID": 4120817810.0 }, "geometry": { "type": "Point", "coordinates": [ 81.310416666666981, 28.389583333333462 ] } },
{ "type": "Feature", "properties": { "fid": 191, "HYBAS_ID": 4121458700.0 }, "geometry": { "type": "Point", "coordinates": [ 81.718750000000341, 28.356250000000102 ] } },
{ "type": "Feature", "properties": { "fid": 192, "HYBAS_ID": 4121459860.0 }, "geometry": { "type": "Point", "coordinates": [ 81.360416666666879, 28.272916666666845 ] } },
{ "type": "Feature", "properties": { "fid": 193, "HYBAS_ID": 4121460180.0 }, "geometry": { "type": "Point", "coordinates": [ 81.372916666666924, 28.25208333333353 ] } },
{ "type": "Feature", "properties": { "fid": 194, "HYBAS_ID": 4121461010.0 }, "geometry": { "type": "Point", "coordinates": [ 81.322916666666856, 28.181250000000148 ] } },
{ "type": "Feature", "properties": { "fid": 195, "HYBAS_ID": 4121467710.0 }, "geometry": { "type": "Point", "coordinates": [ 85.360416666666936, 27.66875 ] } },
{ "type": "Feature", "properties": { "fid": 196, "HYBAS_ID": 4120846640.0000005 }, "geometry": { "type": "Point", "coordinates": [ 87.13958333333369, 27.452083333333462 ] } },
{ "type": "Feature", "properties": { "fid": 197, "HYBAS_ID": 4120846650.0000005 }, "geometry": { "type": "Point", "coordinates": [ 87.143750000000352, 27.452083333333462 ] } },
{ "type": "Feature", "properties": { "fid": 198, "HYBAS_ID": 4120847640.0 }, "geometry": { "type": "Point", "coordinates": [ 87.127083333333644, 27.422916666666879 ] } },
{ "type": "Feature", "properties": { "fid": 199, "HYBAS_ID": 4120847780.0000005 }, "geometry": { "type": "Point", "coordinates": [ 87.122916666666811, 27.41875 ] } },
{ "type": "Feature", "properties": { "fid": 200, "HYBAS_ID": 4120851690.0 }, "geometry": { "type": "Point", "coordinates": [ 87.197916666667027, 27.30625 ] } },
{ "type": "Feature", "properties": { "fid": 201, "HYBAS_ID": 4120851830.0 }, "geometry": { "type": "Point", "coordinates": [ 87.206250000000296, 27.302083333333428 ] } },
{ "type": "Feature", "properties": { "fid": 202, "HYBAS_ID": 4120852170.0 }, "geometry": { "type": "Point", "coordinates": [ 87.202083333333633, 27.289583333333383 ] } },
{ "type": "Feature", "properties": { "fid": 203, "HYBAS_ID": 4120852370.0 }, "geometry": { "type": "Point", "coordinates": [ 87.210416666666902, 27.285416666666777 ] } },
{ "type": "Feature", "properties": { "fid": 204, "HYBAS_ID": 4120853050.0000005 }, "geometry": { "type": "Point", "coordinates": [ 87.197916666667027, 27.264583333333462 ] } },
{ "type": "Feature", "properties": { "fid": 205, "HYBAS_ID": 4120853060.0000005 }, "geometry": { "type": "Point", "coordinates": [ 87.206250000000296, 27.264583333333462 ] } },
{ "type": "Feature", "properties": { "fid": 206, "HYBAS_ID": 4120854640.0000005 }, "geometry": { "type": "Point", "coordinates": [ 87.235416666666822, 27.218750000000171 ] } },
{ "type": "Feature", "properties": { "fid": 207, "HYBAS_ID": 4120854650.0000005 }, "geometry": { "type": "Point", "coordinates": [ 87.243750000000261, 27.218750000000171 ] } },
{ "type": "Feature", "properties": { "fid": 208, "HYBAS_ID": 4121474020.0000005 }, "geometry": { "type": "Point", "coordinates": [ 87.010416666667027, 27.177083333333371 ] } },
{ "type": "Feature", "properties": { "fid": 209, "HYBAS_ID": 4121474270.0 }, "geometry": { "type": "Point", "coordinates": [ 87.277083333333621, 27.15625 ] } },
{ "type": "Feature", "properties": { "fid": 210, "HYBAS_ID": 4121474770.0 }, "geometry": { "type": "Point", "coordinates": [ 87.243750000000261, 27.122916666666868 ] } },
{ "type": "Feature", "properties": { "fid": 211, "HYBAS_ID": 4121474880.0 }, "geometry": { "type": "Point", "coordinates": [ 87.056250000000261, 27.11875 ] } },
{ "type": "Feature", "properties": { "fid": 212, "HYBAS_ID": 4121475370.0 }, "geometry": { "type": "Point", "coordinates": [ 87.114583333333599, 27.085416666666845 ] } },
{ "type": "Feature", "properties": { "fid": 213, "HYBAS_ID": 4120859630.0 }, "geometry": { "type": "Point", "coordinates": [ 87.181250000000318, 27.052083333333485 ] } },
{ "type": "Feature", "properties": { "fid": 214, "HYBAS_ID": 4120859840.0 }, "geometry": { "type": "Point", "coordinates": [ 87.177083333333542, 27.047916666666879 ] } },
{ "type": "Feature", "properties": { "fid": 215, "HYBAS_ID": 4120863880.0 }, "geometry": { "type": "Point", "coordinates": [ 87.114583333333599, 26.927083333333428 ] } },
{ "type": "Feature", "properties": { "fid": 216, "HYBAS_ID": 4120863940.0000005 }, "geometry": { "type": "Point", "coordinates": [ 87.152083333333564, 26.922916666666822 ] } },
{ "type": "Feature", "properties": { "fid": 217, "HYBAS_ID": 4120863950.0 }, "geometry": { "type": "Point", "coordinates": [ 87.156250000000227, 26.922916666666822 ] } },
{ "type": "Feature", "properties": { "fid": 218, "HYBAS_ID": 4120864040.0 }, "geometry": { "type": "Point", "coordinates": [ 87.110416666666936, 26.918750000000159 ] } },
{ "type": "Feature", "properties": { "fid": 219, "HYBAS_ID": 4120864110.0 }, "geometry": { "type": "Point", "coordinates": [ 87.156250000000227, 26.914583333333383 ] } },
{ "type": "Feature", "properties": { "fid": 220, "HYBAS_ID": 4120864120.0 }, "geometry": { "type": "Point", "coordinates": [ 87.160416666667004, 26.914583333333383 ] } },
{ "type": "Feature", "properties": { "fid": 221, "HYBAS_ID": 4120864620.0 }, "geometry": { "type": "Point", "coordinates": [ 86.91041666666689, 26.902083333333508 ] } },
{ "type": "Feature", "properties": { "fid": 222, "HYBAS_ID": 4120864730.0000005 }, "geometry": { "type": "Point", "coordinates": [ 86.906250000000284, 26.897916666666845 ] } },
{ "type": "Feature", "properties": { "fid": 223, "HYBAS_ID": 4120833080.0 }, "geometry": { "type": "Point", "coordinates": [ 83.935416666666868, 27.87708333333353 ] } },
{ "type": "Feature", "properties": { "fid": 224, "HYBAS_ID": 4120833090.0 }, "geometry": { "type": "Point", "coordinates": [ 83.93958333333353, 27.87708333333353 ] } },
{ "type": "Feature", "properties": { "fid": 225, "HYBAS_ID": 4120833359.9999995 }, "geometry": { "type": "Point", "coordinates": [ 83.93958333333353, 27.86875 ] } },
{ "type": "Feature", "properties": { "fid": 226, "HYBAS_ID": 4121465590.0 }, "geometry": { "type": "Point", "coordinates": [ 84.10208333333361, 27.85625 ] } },
{ "type": "Feature", "properties": { "fid": 227, "HYBAS_ID": 4120833710.0 }, "geometry": { "type": "Point", "coordinates": [ 84.556250000000205, 27.85625 ] } },
{ "type": "Feature", "properties": { "fid": 228, "HYBAS_ID": 4120833720.0 }, "geometry": { "type": "Point", "coordinates": [ 84.564583333333644, 27.85625 ] } },
{ "type": "Feature", "properties": { "fid": 229, "HYBAS_ID": 4121465760.0 }, "geometry": { "type": "Point", "coordinates": [ 84.164583333333553, 27.843750000000171 ] } },
{ "type": "Feature", "properties": { "fid": 230, "HYBAS_ID": 4121465910.0 }, "geometry": { "type": "Point", "coordinates": [ 84.297916666666822, 27.827083333333462 ] } },
{ "type": "Feature", "properties": { "fid": 231, "HYBAS_ID": 4120834720.0 }, "geometry": { "type": "Point", "coordinates": [ 84.464583333333564, 27.827083333333462 ] } },
{ "type": "Feature", "properties": { "fid": 232, "HYBAS_ID": 4120834830.0 }, "geometry": { "type": "Point", "coordinates": [ 84.464583333333564, 27.822916666666856 ] } },
{ "type": "Feature", "properties": { "fid": 233, "HYBAS_ID": 4120834959.9999995 }, "geometry": { "type": "Point", "coordinates": [ 84.777083333333621, 27.818750000000193 ] } },
{ "type": "Feature", "properties": { "fid": 234, "HYBAS_ID": 4120835120.0000005 }, "geometry": { "type": "Point", "coordinates": [ 84.78541666666689, 27.814583333333417 ] } },
{ "type": "Feature", "properties": { "fid": 235, "HYBAS_ID": 4121466070.0 }, "geometry": { "type": "Point", "coordinates": [ 84.69791666666697, 27.810416666666754 ] } },
{ "type": "Feature", "properties": { "fid": 236, "HYBAS_ID": 4120837890.0 }, "geometry": { "type": "Point", "coordinates": [ 84.422916666666936, 27.743750000000205 ] } },
{ "type": "Feature", "properties": { "fid": 237, "HYBAS_ID": 4120837900.0 }, "geometry": { "type": "Point", "coordinates": [ 84.427083333333542, 27.743750000000205 ] } },
{ "type": "Feature", "properties": { "fid": 238, "HYBAS_ID": 4121467040.0 }, "geometry": { "type": "Point", "coordinates": [ 83.927083333333655, 27.727083333333496 ] } },
{ "type": "Feature", "properties": { "fid": 239, "HYBAS_ID": 4121467700.0 }, "geometry": { "type": "Point", "coordinates": [ 84.260416666666856, 27.66875 ] } },
{ "type": "Feature", "properties": { "fid": 240, "HYBAS_ID": 4120842380.0 }, "geometry": { "type": "Point", "coordinates": [ 84.489583333333655, 27.59375 ] } },
{ "type": "Feature", "properties": { "fid": 241, "HYBAS_ID": 4120842480.0000005 }, "geometry": { "type": "Point", "coordinates": [ 84.493750000000261, 27.589583333333394 ] } },
{ "type": "Feature", "properties": { "fid": 242, "HYBAS_ID": 4120842590.0 }, "geometry": { "type": "Point", "coordinates": [ 84.485416666666879, 27.585416666666788 ] } },
{ "type": "Feature", "properties": { "fid": 243, "HYBAS_ID": 4120842810.0000005 }, "geometry": { "type": "Point", "coordinates": [ 84.489583333333655, 27.577083333333519 ] } },
{ "type": "Feature", "properties": { "fid": 244, "HYBAS_ID": 4120842820.0000005 }, "geometry": { "type": "Point", "coordinates": [ 84.493750000000261, 27.577083333333519 ] } },
{ "type": "Feature", "properties": { "fid": 245, "HYBAS_ID": 4120842970.0000005 }, "geometry": { "type": "Point", "coordinates": [ 84.16041666666689, 27.572916666666686 ] } },
{ "type": "Feature", "properties": { "fid": 246, "HYBAS_ID": 4120842980.0000005 }, "geometry": { "type": "Point", "coordinates": [ 84.493750000000261, 27.572916666666686 ] } },
{ "type": "Feature", "properties": { "fid": 247, "HYBAS_ID": 4120843250.0 }, "geometry": { "type": "Point", "coordinates": [ 84.16041666666689, 27.564583333333474 ] } },
{ "type": "Feature", "properties": { "fid": 248, "HYBAS_ID": 4121469060.0000005 }, "geometry": { "type": "Point", "coordinates": [ 84.352083333333553, 27.564583333333474 ] } },
{ "type": "Feature", "properties": { "fid": 249, "HYBAS_ID": 4120843520.0 }, "geometry": { "type": "Point", "coordinates": [ 84.122916666666924, 27.560416666666811 ] } },
{ "type": "Feature", "properties": { "fid": 250, "HYBAS_ID": 4120843530.0 }, "geometry": { "type": "Point", "coordinates": [ 84.706250000000239, 27.560416666666811 ] } },
{ "type": "Feature", "properties": { "fid": 251, "HYBAS_ID": 4120843680.0 }, "geometry": { "type": "Point", "coordinates": [ 83.968750000000284, 27.556250000000205 ] } },
{ "type": "Feature", "properties": { "fid": 252, "HYBAS_ID": 4120843690.0 }, "geometry": { "type": "Point", "coordinates": [ 84.181250000000205, 27.556250000000205 ] } },
{ "type": "Feature", "properties": { "fid": 253, "HYBAS_ID": 4121469179.9999995 }, "geometry": { "type": "Point", "coordinates": [ 84.572916666666913, 27.556250000000205 ] } },
{ "type": "Feature", "properties": { "fid": 254, "HYBAS_ID": 4120843700.0 }, "geometry": { "type": "Point", "coordinates": [ 84.706250000000239, 27.556250000000205 ] } },
{ "type": "Feature", "properties": { "fid": 255, "HYBAS_ID": 4120843780.0000005 }, "geometry": { "type": "Point", "coordinates": [ 83.922916666666993, 27.552083333333371 ] } },
{ "type": "Feature", "properties": { "fid": 256, "HYBAS_ID": 4120843790.0 }, "geometry": { "type": "Point", "coordinates": [ 83.97291666666689, 27.552083333333371 ] } },
{ "type": "Feature", "properties": { "fid": 257, "HYBAS_ID": 4120843800.0 }, "geometry": { "type": "Point", "coordinates": [ 84.122916666666924, 27.552083333333371 ] } },
{ "type": "Feature", "properties": { "fid": 258, "HYBAS_ID": 4120843810.0 }, "geometry": { "type": "Point", "coordinates": [ 84.177083333333599, 27.552083333333371 ] } },
{ "type": "Feature", "properties": { "fid": 259, "HYBAS_ID": 4120843919.9999995 }, "geometry": { "type": "Point", "coordinates": [ 83.931250000000261, 27.547916666666765 ] } },
{ "type": "Feature", "properties": { "fid": 260, "HYBAS_ID": 4120843930.0000005 }, "geometry": { "type": "Point", "coordinates": [ 84.010416666666913, 27.547916666666765 ] } },
{ "type": "Feature", "properties": { "fid": 261, "HYBAS_ID": 4120844090.0000005 }, "geometry": { "type": "Point", "coordinates": [ 84.01458333333369, 27.539583333333496 ] } },
{ "type": "Feature", "properties": { "fid": 262, "HYBAS_ID": 4121470120.0 }, "geometry": { "type": "Point", "coordinates": [ 84.28958333333361, 27.489583333333428 ] } },
{ "type": "Feature", "properties": { "fid": 263, "HYBAS_ID": 4121470530.0 }, "geometry": { "type": "Point", "coordinates": [ 83.931250000000261, 27.452083333333462 ] } },
{ "type": "Feature", "properties": { "fid": 264, "HYBAS_ID": 4121470710.0 }, "geometry": { "type": "Point", "coordinates": [ 84.406250000000227, 27.43958333333336 ] } },
{ "type": "Feature", "properties": { "fid": 265, "HYBAS_ID": 4120787780.0000005 }, "geometry": { "type": "Point", "coordinates": [ 80.772916666666902, 29.306250000000205 ] } },
{ "type": "Feature", "properties": { "fid": 266, "HYBAS_ID": 4120787919.9999995 }, "geometry": { "type": "Point", "coordinates": [ 80.768750000000239, 29.302083333333371 ] } },
{ "type": "Feature", "properties": { "fid": 267, "HYBAS_ID": 4120793260.0 }, "geometry": { "type": "Point", "coordinates": [ 80.272916666667015, 29.147916666666788 ] } },
{ "type": "Feature", "properties": { "fid": 268, "HYBAS_ID": 4120793480.0 }, "geometry": { "type": "Point", "coordinates": [ 80.277083333333621, 29.143750000000125 ] } },
{ "type": "Feature", "properties": { "fid": 269, "HYBAS_ID": 4120793720.0 }, "geometry": { "type": "Point", "coordinates": [ 80.339583333333564, 29.135416666666686 ] } },
{ "type": "Feature", "properties": { "fid": 270, "HYBAS_ID": 4120793890.0 }, "geometry": { "type": "Point", "coordinates": [ 80.335416666666958, 29.13125 ] } },
{ "type": "Feature", "properties": { "fid": 271, "HYBAS_ID": 4121448379.9999995 }, "geometry": { "type": "Point", "coordinates": [ 80.485416666666936, 29.13125 ] } },
{ "type": "Feature", "properties": { "fid": 272, "HYBAS_ID": 4121449039.9999995 }, "geometry": { "type": "Point", "coordinates": [ 80.656250000000284, 29.085416666666845 ] } },
{ "type": "Feature", "properties": { "fid": 273, "HYBAS_ID": 4120797650.0 }, "geometry": { "type": "Point", "coordinates": [ 80.735416666666879, 29.014583333333462 ] } },
{ "type": "Feature", "properties": { "fid": 274, "HYBAS_ID": 4120797790.0 }, "geometry": { "type": "Point", "coordinates": [ 80.731250000000273, 29.010416666666799 ] } },
{ "type": "Feature", "properties": { "fid": 275, "HYBAS_ID": 4120797800.0 }, "geometry": { "type": "Point", "coordinates": [ 80.743750000000318, 29.010416666666799 ] } },
{ "type": "Feature", "properties": { "fid": 276, "HYBAS_ID": 4120797810.0 }, "geometry": { "type": "Point", "coordinates": [ 80.752083333333587, 29.010416666666799 ] } },
{ "type": "Feature", "properties": { "fid": 277, "HYBAS_ID": 4120794370.0 }, "geometry": { "type": "Point", "coordinates": [ 81.747916666666924, 29.114583333333371 ] } },
{ "type": "Feature", "properties": { "fid": 278, "HYBAS_ID": 4120794610.0 }, "geometry": { "type": "Point", "coordinates": [ 81.747916666666924, 29.106250000000159 ] } },
{ "type": "Feature", "properties": { "fid": 279, "HYBAS_ID": 4121448810.0 }, "geometry": { "type": "Point", "coordinates": [ 81.860416666666936, 29.102083333333496 ] } },
{ "type": "Feature", "properties": { "fid": 280, "HYBAS_ID": 4121451170.0 }, "geometry": { "type": "Point", "coordinates": [ 81.652083333333621, 28.91041666666672 ] } },
{ "type": "Feature", "properties": { "fid": 281, "HYBAS_ID": 4121451180.0 }, "geometry": { "type": "Point", "coordinates": [ 81.814583333333474, 28.91041666666672 ] } },
{ "type": "Feature", "properties": { "fid": 282, "HYBAS_ID": 4120804250.0000005 }, "geometry": { "type": "Point", "coordinates": [ 81.739583333333655, 28.818750000000193 ] } },
{ "type": "Feature", "properties": { "fid": 283, "HYBAS_ID": 4120804340.0 }, "geometry": { "type": "Point", "coordinates": [ 81.739583333333655, 28.81458333333336 ] } },
{ "type": "Feature", "properties": { "fid": 284, "HYBAS_ID": 4120804500.0 }, "geometry": { "type": "Point", "coordinates": [ 81.685416666666981, 28.806250000000148 ] } },
{ "type": "Feature", "properties": { "fid": 285, "HYBAS_ID": 4120804510.0 }, "geometry": { "type": "Point", "coordinates": [ 81.689583333333587, 28.806250000000148 ] } },
{ "type": "Feature", "properties": { "fid": 286, "HYBAS_ID": 4120806060.0 }, "geometry": { "type": "Point", "coordinates": [ 81.664583333333667, 28.764583333333519 ] } },
{ "type": "Feature", "properties": { "fid": 287, "HYBAS_ID": 4120806420.0 }, "geometry": { "type": "Point", "coordinates": [ 81.664583333333667, 28.75625 ] } },
{ "type": "Feature", "properties": { "fid": 288, "HYBAS_ID": 4120807350.0 }, "geometry": { "type": "Point", "coordinates": [ 81.41875000000033, 28.727083333333496 ] } },
{ "type": "Feature", "properties": { "fid": 289, "HYBAS_ID": 4120807360.0 }, "geometry": { "type": "Point", "coordinates": [ 81.422916666666993, 28.727083333333496 ] } },
{ "type": "Feature", "properties": { "fid": 290, "HYBAS_ID": 4120821260.0 }, "geometry": { "type": "Point", "coordinates": [ 82.577083333333576, 28.281250000000114 ] } },
{ "type": "Feature", "properties": { "fid": 291, "HYBAS_ID": 4121459800.0 }, "geometry": { "type": "Point", "coordinates": [ 82.75208333333353, 28.277083333333451 ] } },
{ "type": "Feature", "properties": { "fid": 292, "HYBAS_ID": 4121460190.0 }, "geometry": { "type": "Point", "coordinates": [ 82.731250000000216, 28.25208333333353 ] } },
{ "type": "Feature", "properties": { "fid": 293, "HYBAS_ID": 4120824240.0000005 }, "geometry": { "type": "Point", "coordinates": [ 82.681250000000318, 28.189583333333417 ] } },
{ "type": "Feature", "properties": { "fid": 294, "HYBAS_ID": 4120824250.0000005 }, "geometry": { "type": "Point", "coordinates": [ 82.685416666666981, 28.189583333333417 ] } },
{ "type": "Feature", "properties": { "fid": 295, "HYBAS_ID": 4120827720.0 }, "geometry": { "type": "Point", "coordinates": [ 82.210416666667015, 28.072916666666799 ] } },
{ "type": "Feature", "properties": { "fid": 296, "HYBAS_ID": 4120828069.9999995 }, "geometry": { "type": "Point", "coordinates": [ 82.214583333333621, 28.06458333333353 ] } },
{ "type": "Feature", "properties": { "fid": 297, "HYBAS_ID": 4121462550.0 }, "geometry": { "type": "Point", "coordinates": [ 82.647916666666958, 28.06458333333353 ] } },
{ "type": "Feature", "properties": { "fid": 298, "HYBAS_ID": 4120828780.0 }, "geometry": { "type": "Point", "coordinates": [ 82.318750000000193, 28.039583333333383 ] } },
{ "type": "Feature", "properties": { "fid": 299, "HYBAS_ID": 4120828940.0 }, "geometry": { "type": "Point", "coordinates": [ 82.272916666666958, 28.035416666666777 ] } },
{ "type": "Feature", "properties": { "fid": 300, "HYBAS_ID": 4120828950.0 }, "geometry": { "type": "Point", "coordinates": [ 82.314583333333587, 28.035416666666777 ] } },
{ "type": "Feature", "properties": { "fid": 301, "HYBAS_ID": 4120829100.0 }, "geometry": { "type": "Point", "coordinates": [ 82.277083333333564, 28.031250000000171 ] } },
{ "type": "Feature", "properties": { "fid": 302, "HYBAS_ID": 4121463540.0 }, "geometry": { "type": "Point", "coordinates": [ 82.431250000000205, 27.997916666666754 ] } },
{ "type": "Feature", "properties": { "fid": 303, "HYBAS_ID": 4121464030.0 }, "geometry": { "type": "Point", "coordinates": [ 82.202083333333576, 27.964583333333394 ] } },
{ "type": "Feature", "properties": { "fid": 304, "HYBAS_ID": 4121464500.0 }, "geometry": { "type": "Point", "coordinates": [ 82.239583333333599, 27.927083333333428 ] } },
{ "type": "Feature", "properties": { "fid": 305, "HYBAS_ID": 4121465189.9999995 }, "geometry": { "type": "Point", "coordinates": [ 82.352083333333553, 27.881250000000136 ] } },
{ "type": "Feature", "properties": { "fid": 306, "HYBAS_ID": 4121465509.9999995 }, "geometry": { "type": "Point", "coordinates": [ 82.435416666666811, 27.860416666666822 ] } },
{ "type": "Feature", "properties": { "fid": 307, "HYBAS_ID": 4120834120.0 }, "geometry": { "type": "Point", "coordinates": [ 82.493750000000318, 27.843750000000171 ] } },
{ "type": "Feature", "properties": { "fid": 308, "HYBAS_ID": 4120834130.0 }, "geometry": { "type": "Point", "coordinates": [ 82.497916666666981, 27.843750000000171 ] } },
{ "type": "Feature", "properties": { "fid": 309, "HYBAS_ID": 4121465840.0000005 }, "geometry": { "type": "Point", "coordinates": [ 82.53958333333361, 27.835416666666731 ] } },
{ "type": "Feature", "properties": { "fid": 310, "HYBAS_ID": 4120834540.0 }, "geometry": { "type": "Point", "coordinates": [ 82.747916666666924, 27.83125 ] } },
{ "type": "Feature", "properties": { "fid": 311, "HYBAS_ID": 4121465900.0 }, "geometry": { "type": "Point", "coordinates": [ 82.627083333333644, 27.827083333333462 ] } },
{ "type": "Feature", "properties": { "fid": 312, "HYBAS_ID": 4120834820.0000005 }, "geometry": { "type": "Point", "coordinates": [ 82.747916666666924, 27.822916666666856 ] } },
{ "type": "Feature", "properties": { "fid": 313, "HYBAS_ID": 4121434670.0 }, "geometry": { "type": "Point", "coordinates": [ 80.797916666666993, 30.239583333333428 ] } },
{ "type": "Feature", "properties": { "fid": 314, "HYBAS_ID": 4120761499.9999995 }, "geometry": { "type": "Point", "coordinates": [ 80.864583333333599, 30.118750000000148 ] } },
{ "type": "Feature", "properties": { "fid": 315, "HYBAS_ID": 4120761630.0 }, "geometry": { "type": "Point", "coordinates": [ 80.893750000000352, 30.114583333333371 ] } },
{ "type": "Feature", "properties": { "fid": 316, "HYBAS_ID": 4120761740.0 }, "geometry": { "type": "Point", "coordinates": [ 80.893750000000352, 30.110416666666765 ] } },
{ "type": "Feature", "properties": { "fid": 317, "HYBAS_ID": 4120767290.0000005 }, "geometry": { "type": "Point", "coordinates": [ 80.677083333333599, 29.952083333333462 ] } },
{ "type": "Feature", "properties": { "fid": 318, "HYBAS_ID": 4121440180.0 }, "geometry": { "type": "Point", "coordinates": [ 80.489583333333542, 29.79375 ] } },
{ "type": "Feature", "properties": { "fid": 319, "HYBAS_ID": 4120773570.0 }, "geometry": { "type": "Point", "coordinates": [ 80.372916666666924, 29.747916666666811 ] } },
{ "type": "Feature", "properties": { "fid": 320, "HYBAS_ID": 4121441090.0 }, "geometry": { "type": "Point", "coordinates": [ 80.731250000000273, 29.727083333333496 ] } },
{ "type": "Feature", "properties": { "fid": 321, "HYBAS_ID": 4121458930.0 }, "geometry": { "type": "Point", "coordinates": [ 84.902083333333678, 28.339583333333394 ] } },
{ "type": "Feature", "properties": { "fid": 322, "HYBAS_ID": 4121459550.0 }, "geometry": { "type": "Point", "coordinates": [ 84.906250000000284, 28.293750000000159 ] } },
{ "type": "Feature", "properties": { "fid": 323, "HYBAS_ID": 4121459880.0 }, "geometry": { "type": "Point", "coordinates": [ 85.260416666666799, 28.272916666666845 ] } },
{ "type": "Feature", "properties": { "fid": 324, "HYBAS_ID": 4120822870.0 }, "geometry": { "type": "Point", "coordinates": [ 84.87708333333353, 28.235416666666822 ] } },
{ "type": "Feature", "properties": { "fid": 325, "HYBAS_ID": 4120823010.0 }, "geometry": { "type": "Point", "coordinates": [ 84.872916666666924, 28.23125 ] } },
{ "type": "Feature", "properties": { "fid": 326, "HYBAS_ID": 4120824000.0 }, "geometry": { "type": "Point", "coordinates": [ 85.072916666666799, 28.197916666666856 ] } },
{ "type": "Feature", "properties": { "fid": 327, "HYBAS_ID": 4120824170.0 }, "geometry": { "type": "Point", "coordinates": [ 85.077083333333633, 28.19375 ] } },
{ "type": "Feature", "properties": { "fid": 328, "HYBAS_ID": 4121460890.0000005 }, "geometry": { "type": "Point", "coordinates": [ 84.718750000000284, 28.189583333333417 ] } },
{ "type": "Feature", "properties": { "fid": 329, "HYBAS_ID": 4121461490.0 }, "geometry": { "type": "Point", "coordinates": [ 84.864583333333655, 28.147916666666788 ] } },
{ "type": "Feature", "properties": { "fid": 330, "HYBAS_ID": 4121462230.0 }, "geometry": { "type": "Point", "coordinates": [ 85.00625000000025, 28.089583333333451 ] } },
{ "type": "Feature", "properties": { "fid": 331, "HYBAS_ID": 4121462320.0000005 }, "geometry": { "type": "Point", "coordinates": [ 84.660416666667004, 28.08125 ] } },
{ "type": "Feature", "properties": { "fid": 332, "HYBAS_ID": 4120827620.0000005 }, "geometry": { "type": "Point", "coordinates": [ 85.214583333333564, 28.077083333333405 ] } },
{ "type": "Feature", "properties": { "fid": 333, "HYBAS_ID": 4120827739.9999995 }, "geometry": { "type": "Point", "coordinates": [ 85.206250000000296, 28.072916666666799 ] } },
{ "type": "Feature", "properties": { "fid": 334, "HYBAS_ID": 4121462799.9999995 }, "geometry": { "type": "Point", "coordinates": [ 84.81875000000025, 28.052083333333485 ] } },
{ "type": "Feature", "properties": { "fid": 335, "HYBAS_ID": 4121463119.9999995 }, "geometry": { "type": "Point", "coordinates": [ 84.964583333333621, 28.031250000000171 ] } },
{ "type": "Feature", "properties": { "fid": 336, "HYBAS_ID": 4120830510.0 }, "geometry": { "type": "Point", "coordinates": [ 84.777083333333621, 27.981250000000102 ] } },
{ "type": "Feature", "properties": { "fid": 337, "HYBAS_ID": 4120830660.0000005 }, "geometry": { "type": "Point", "coordinates": [ 84.777083333333621, 27.977083333333439 ] } },
{ "type": "Feature", "properties": { "fid": 338, "HYBAS_ID": 4120830670.0 }, "geometry": { "type": "Point", "coordinates": [ 85.181250000000205, 27.977083333333439 ] } },
{ "type": "Feature", "properties": { "fid": 339, "HYBAS_ID": 4120830680.0 }, "geometry": { "type": "Point", "coordinates": [ 85.189583333333644, 27.977083333333439 ] } },
{ "type": "Feature", "properties": { "fid": 340, "HYBAS_ID": 4120832310.0 }, "geometry": { "type": "Point", "coordinates": [ 85.231250000000273, 27.906250000000114 ] } },
{ "type": "Feature", "properties": { "fid": 341, "HYBAS_ID": 4120832500.0 }, "geometry": { "type": "Point", "coordinates": [ 85.231250000000273, 27.897916666666845 ] } },
{ "type": "Feature", "properties": { "fid": 342, "HYBAS_ID": 4120833490.0 }, "geometry": { "type": "Point", "coordinates": [ 85.110416666666993, 27.864583333333485 ] } },
{ "type": "Feature", "properties": { "fid": 343, "HYBAS_ID": 4120833730.0 }, "geometry": { "type": "Point", "coordinates": [ 85.114583333333599, 27.85625 ] } },
{ "type": "Feature", "properties": { "fid": 344, "HYBAS_ID": 4120835130.0000005 }, "geometry": { "type": "Point", "coordinates": [ 84.839583333333564, 27.814583333333417 ] } },
{ "type": "Feature", "properties": { "fid": 345, "HYBAS_ID": 4120835140.0000005 }, "geometry": { "type": "Point", "coordinates": [ 85.01458333333369, 27.814583333333417 ] } },
{ "type": "Feature", "properties": { "fid": 346, "HYBAS_ID": 4120835259.9999995 }, "geometry": { "type": "Point", "coordinates": [ 84.835416666666902, 27.810416666666754 ] } },
{ "type": "Feature", "properties": { "fid": 347, "HYBAS_ID": 4120835269.9999995 }, "geometry": { "type": "Point", "coordinates": [ 85.018750000000296, 27.810416666666754 ] } },
{ "type": "Feature", "properties": { "fid": 348, "HYBAS_ID": 4121466100.0 }, "geometry": { "type": "Point", "coordinates": [ 84.906250000000284, 27.806250000000148 ] } },
{ "type": "Feature", "properties": { "fid": 349, "HYBAS_ID": 4120835410.0 }, "geometry": { "type": "Point", "coordinates": [ 85.00625000000025, 27.806250000000148 ] } },
{ "type": "Feature", "properties": { "fid": 350, "HYBAS_ID": 4120835730.0 }, "geometry": { "type": "Point", "coordinates": [ 85.00625000000025, 27.797916666666879 ] } },
{ "type": "Feature", "properties": { "fid": 351, "HYBAS_ID": 4120837540.0000005 }, "geometry": { "type": "Point", "coordinates": [ 85.056250000000318, 27.752083333333474 ] } },
{ "type": "Feature", "properties": { "fid": 352, "HYBAS_ID": 4120837710.0 }, "geometry": { "type": "Point", "coordinates": [ 85.056250000000318, 27.747916666666811 ] } },
{ "type": "Feature", "properties": { "fid": 353, "HYBAS_ID": 4120859360.0 }, "geometry": { "type": "Point", "coordinates": [ 87.560416666666981, 27.06458333333353 ] } },
{ "type": "Feature", "properties": { "fid": 354, "HYBAS_ID": 4120859370.0 }, "geometry": { "type": "Point", "coordinates": [ 87.564583333333587, 27.06458333333353 ] } },
{ "type": "Feature", "properties": { "fid": 355, "HYBAS_ID": 4120860300.0 }, "geometry": { "type": "Point", "coordinates": [ 87.535416666666833, 27.035416666666777 ] } },
{ "type": "Feature", "properties": { "fid": 356, "HYBAS_ID": 4120860310.0 }, "geometry": { "type": "Point", "coordinates": [ 87.539583333333667, 27.035416666666777 ] } },
{ "type": "Feature", "properties": { "fid": 357, "HYBAS_ID": 4120861730.0 }, "geometry": { "type": "Point", "coordinates": [ 87.497916666666868, 26.985416666666765 ] } },
{ "type": "Feature", "properties": { "fid": 358, "HYBAS_ID": 4120861880.0 }, "geometry": { "type": "Point", "coordinates": [ 87.493750000000205, 26.981250000000102 ] } },
{ "type": "Feature", "properties": { "fid": 359, "HYBAS_ID": 4121476970.0 }, "geometry": { "type": "Point", "coordinates": [ 87.435416666666924, 26.96875 ] } },
{ "type": "Feature", "properties": { "fid": 360, "HYBAS_ID": 4121477240.0 }, "geometry": { "type": "Point", "coordinates": [ 87.385416666667027, 26.947916666666742 ] } },
{ "type": "Feature", "properties": { "fid": 361, "HYBAS_ID": 4121477490.0 }, "geometry": { "type": "Point", "coordinates": [ 87.302083333333599, 26.922916666666822 ] } },
{ "type": "Feature", "properties": { "fid": 362, "HYBAS_ID": 4121474860.0 }, "geometry": { "type": "Point", "coordinates": [ 86.085416666667015, 27.11875 ] } },
{ "type": "Feature", "properties": { "fid": 363, "HYBAS_ID": 4120858520.0 }, "geometry": { "type": "Point", "coordinates": [ 86.00625000000025, 27.089583333333508 ] } },
{ "type": "Feature", "properties": { "fid": 364, "HYBAS_ID": 4120858730.0 }, "geometry": { "type": "Point", "coordinates": [ 86.002083333333587, 27.085416666666845 ] } },
{ "type": "Feature", "properties": { "fid": 365, "HYBAS_ID": 4120860900.0000005 }, "geometry": { "type": "Point", "coordinates": [ 86.20208333333369, 27.018750000000125 ] } },
{ "type": "Feature", "properties": { "fid": 366, "HYBAS_ID": 4120861040.0000005 }, "geometry": { "type": "Point", "coordinates": [ 86.197916666667027, 27.014583333333462 ] } },
{ "type": "Feature", "properties": { "fid": 367, "HYBAS_ID": 4121477330.0 }, "geometry": { "type": "Point", "coordinates": [ 86.152083333333621, 26.935416666666868 ] } },
{ "type": "Feature", "properties": { "fid": 368, "HYBAS_ID": 4121479390.0 }, "geometry": { "type": "Point", "coordinates": [ 86.143750000000352, 26.789583333333496 ] } },
{ "type": "Feature", "properties": { "fid": 369, "HYBAS_ID": 4121480079.9999995 }, "geometry": { "type": "Point", "coordinates": [ 86.056250000000261, 26.739583333333428 ] } },
{ "type": "Feature", "properties": { "fid": 370, "HYBAS_ID": 4120869819.9999995 }, "geometry": { "type": "Point", "coordinates": [ 86.19375000000025, 26.718750000000114 ] } },
{ "type": "Feature", "properties": { "fid": 371, "HYBAS_ID": 4120869829.9999995 }, "geometry": { "type": "Point", "coordinates": [ 86.20208333333369, 26.718750000000114 ] } },
{ "type": "Feature", "properties": { "fid": 372, "HYBAS_ID": 4121480620.0 }, "geometry": { "type": "Point", "coordinates": [ 85.956250000000352, 26.693750000000136 ] } },
{ "type": "Feature", "properties": { "fid": 373, "HYBAS_ID": 4121481829.9999995 }, "geometry": { "type": "Point", "coordinates": [ 86.206250000000296, 26.606250000000102 ] } },
{ "type": "Feature", "properties": { "fid": 374, "HYBAS_ID": 4120873679.9999995 }, "geometry": { "type": "Point", "coordinates": [ 85.872916666666924, 26.585416666666788 ] } },
{ "type": "Feature", "properties": { "fid": 375, "HYBAS_ID": 4120873810.0 }, "geometry": { "type": "Point", "coordinates": [ 85.87708333333353, 26.581250000000182 ] } },
{ "type": "Feature", "properties": { "fid": 376, "HYBAS_ID": 4120826530.0 }, "geometry": { "type": "Point", "coordinates": [ 86.168750000000273, 28.118750000000205 ] } },
{ "type": "Feature", "properties": { "fid": 377, "HYBAS_ID": 4120826639.9999995 }, "geometry": { "type": "Point", "coordinates": [ 86.177083333333542, 28.114583333333428 ] } },
{ "type": "Feature", "properties": { "fid": 378, "HYBAS_ID": 4120830210.0 }, "geometry": { "type": "Point", "coordinates": [ 85.972916666666833, 27.989583333333371 ] } },
{ "type": "Feature", "properties": { "fid": 379, "HYBAS_ID": 4120830220.0 }, "geometry": { "type": "Point", "coordinates": [ 85.977083333333667, 27.989583333333371 ] } },
{ "type": "Feature", "properties": { "fid": 380, "HYBAS_ID": 4120830710.0 }, "geometry": { "type": "Point", "coordinates": [ 86.20208333333369, 27.977083333333439 ] } },
{ "type": "Feature", "properties": { "fid": 381, "HYBAS_ID": 4120830720.0 }, "geometry": { "type": "Point", "coordinates": [ 86.210416666666902, 27.977083333333439 ] } },
{ "type": "Feature", "properties": { "fid": 382, "HYBAS_ID": 4121464340.0 }, "geometry": { "type": "Point", "coordinates": [ 85.939583333333644, 27.939583333333474 ] } },
{ "type": "Feature", "properties": { "fid": 383, "HYBAS_ID": 4121465050.0000005 }, "geometry": { "type": "Point", "coordinates": [ 85.91041666666689, 27.885416666666799 ] } },
{ "type": "Feature", "properties": { "fid": 384, "HYBAS_ID": 4120832790.0 }, "geometry": { "type": "Point", "coordinates": [ 86.22708333333361, 27.885416666666799 ] } },
{ "type": "Feature", "properties": { "fid": 385, "HYBAS_ID": 4120832920.0 }, "geometry": { "type": "Point", "coordinates": [ 86.231250000000216, 27.881250000000136 ] } },
{ "type": "Feature", "properties": { "fid": 386, "HYBAS_ID": 4121465200.0000005 }, "geometry": { "type": "Point", "coordinates": [ 86.427083333333655, 27.881250000000136 ] } },
{ "type": "Feature", "properties": { "fid": 387, "HYBAS_ID": 4121466139.9999995 }, "geometry": { "type": "Point", "coordinates": [ 85.893750000000239, 27.802083333333314 ] } },
{ "type": "Feature", "properties": { "fid": 388, "HYBAS_ID": 4120836970.0 }, "geometry": { "type": "Point", "coordinates": [ 86.197916666667027, 27.764583333333519 ] } },
{ "type": "Feature", "properties": { "fid": 389, "HYBAS_ID": 4120837110.0 }, "geometry": { "type": "Point", "coordinates": [ 86.20208333333369, 27.760416666666686 ] } },
{ "type": "Feature", "properties": { "fid": 390, "HYBAS_ID": 4120838020.0000005 }, "geometry": { "type": "Point", "coordinates": [ 86.164583333333667, 27.739583333333371 ] } },
{ "type": "Feature", "properties": { "fid": 391, "HYBAS_ID": 4120838030.0 }, "geometry": { "type": "Point", "coordinates": [ 86.168750000000273, 27.739583333333371 ] } },
{ "type": "Feature", "properties": { "fid": 392, "HYBAS_ID": 4121467620.0000005 }, "geometry": { "type": "Point", "coordinates": [ 86.102083333333553, 27.677083333333428 ] } },
{ "type": "Feature", "properties": { "fid": 393, "HYBAS_ID": 4120840270.0 }, "geometry": { "type": "Point", "coordinates": [ 86.452083333333633, 27.677083333333428 ] } },
{ "type": "Feature", "properties": { "fid": 394, "HYBAS_ID": 4120840389.9999995 }, "geometry": { "type": "Point", "coordinates": [ 86.460416666666845, 27.672916666666822 ] } },
{ "type": "Feature", "properties": { "fid": 395, "HYBAS_ID": 4121468110.0 }, "geometry": { "type": "Point", "coordinates": [ 86.310416666666868, 27.64375 ] } },
{ "type": "Feature", "properties": { "fid": 396, "HYBAS_ID": 4120841840.0000005 }, "geometry": { "type": "Point", "coordinates": [ 86.077083333333576, 27.618750000000148 ] } },
{ "type": "Feature", "properties": { "fid": 397, "HYBAS_ID": 4120841880.0 }, "geometry": { "type": "Point", "coordinates": [ 86.07291666666697, 27.614583333333314 ] } },
{ "type": "Feature", "properties": { "fid": 398, "HYBAS_ID": 4121468750.0 }, "geometry": { "type": "Point", "coordinates": [ 86.410416666667004, 27.585416666666788 ] } },
{ "type": "Feature", "properties": { "fid": 399, "HYBAS_ID": 4121468800.0 }, "geometry": { "type": "Point", "coordinates": [ 86.214583333333564, 27.581250000000125 ] } },
{ "type": "Feature", "properties": { "fid": 400, "HYBAS_ID": 4121469600.0 }, "geometry": { "type": "Point", "coordinates": [ 86.356250000000273, 27.527083333333451 ] } },
{ "type": "Feature", "properties": { "fid": 401, "HYBAS_ID": 4120845630.0 }, "geometry": { "type": "Point", "coordinates": [ 86.114583333333599, 27.48125 ] } },
{ "type": "Feature", "properties": { "fid": 402, "HYBAS_ID": 4120845750.0 }, "geometry": { "type": "Point", "coordinates": [ 86.118750000000205, 27.477083333333383 ] } },
{ "type": "Feature", "properties": { "fid": 403, "HYBAS_ID": 4121470250.0 }, "geometry": { "type": "Point", "coordinates": [ 86.293750000000159, 27.477083333333383 ] } },
{ "type": "Feature", "properties": { "fid": 404, "HYBAS_ID": 4121441580.0 }, "geometry": { "type": "Point", "coordinates": [ 82.518750000000296, 29.685416666666868 ] } },
{ "type": "Feature", "properties": { "fid": 405, "HYBAS_ID": 4121441860.0000005 }, "geometry": { "type": "Point", "coordinates": [ 82.697916666666856, 29.656250000000114 ] } },
{ "type": "Feature", "properties": { "fid": 406, "HYBAS_ID": 4120777270.0 }, "geometry": { "type": "Point", "coordinates": [ 82.493750000000318, 29.639583333333405 ] } },
{ "type": "Feature", "properties": { "fid": 407, "HYBAS_ID": 4120777280.0 }, "geometry": { "type": "Point", "coordinates": [ 82.502083333333587, 29.639583333333405 ] } },
{ "type": "Feature", "properties": { "fid": 408, "HYBAS_ID": 4120778920.0 }, "geometry": { "type": "Point", "coordinates": [ 82.456250000000352, 29.589583333333508 ] } },
{ "type": "Feature", "properties": { "fid": 409, "HYBAS_ID": 4120779109.9999995 }, "geometry": { "type": "Point", "coordinates": [ 82.456250000000352, 29.585416666666731 ] } },
{ "type": "Feature", "properties": { "fid": 410, "HYBAS_ID": 4120779880.0 }, "geometry": { "type": "Point", "coordinates": [ 82.560416666666924, 29.556250000000148 ] } },
{ "type": "Feature", "properties": { "fid": 411, "HYBAS_ID": 4120780040.0 }, "geometry": { "type": "Point", "coordinates": [ 82.560416666666924, 29.552083333333371 ] } },
{ "type": "Feature", "properties": { "fid": 412, "HYBAS_ID": 4120780219.9999995 }, "geometry": { "type": "Point", "coordinates": [ 82.710416666666902, 29.547916666666879 ] } },
{ "type": "Feature", "properties": { "fid": 413, "HYBAS_ID": 4120780229.9999995 }, "geometry": { "type": "Point", "coordinates": [ 82.714583333333508, 29.547916666666879 ] } },
{ "type": "Feature", "properties": { "fid": 414, "HYBAS_ID": 4120780440.0 }, "geometry": { "type": "Point", "coordinates": [ 82.906250000000341, 29.543750000000102 ] } },
{ "type": "Feature", "properties": { "fid": 415, "HYBAS_ID": 4120780450.0 }, "geometry": { "type": "Point", "coordinates": [ 82.952083333333576, 29.543750000000102 ] } },
{ "type": "Feature", "properties": { "fid": 416, "HYBAS_ID": 4120780630.0 }, "geometry": { "type": "Point", "coordinates": [ 82.910416666666947, 29.539583333333439 ] } },
{ "type": "Feature", "properties": { "fid": 417, "HYBAS_ID": 4120780640.0 }, "geometry": { "type": "Point", "coordinates": [ 82.956250000000239, 29.539583333333439 ] } },
{ "type": "Feature", "properties": { "fid": 418, "HYBAS_ID": 4121443210.0 }, "geometry": { "type": "Point", "coordinates": [ 82.660416666667004, 29.535416666666833 ] } },
{ "type": "Feature", "properties": { "fid": 419, "HYBAS_ID": 4120781979.9999995 }, "geometry": { "type": "Point", "coordinates": [ 83.056250000000148, 29.493750000000205 ] } },
{ "type": "Feature", "properties": { "fid": 420, "HYBAS_ID": 4120782130.0 }, "geometry": { "type": "Point", "coordinates": [ 83.056250000000148, 29.489583333333428 ] } },
{ "type": "Feature", "properties": { "fid": 421, "HYBAS_ID": 4120782230.0 }, "geometry": { "type": "Point", "coordinates": [ 83.13541666666697, 29.485416666666765 ] } },
{ "type": "Feature", "properties": { "fid": 422, "HYBAS_ID": 4120782330.0000005 }, "geometry": { "type": "Point", "coordinates": [ 83.139583333333633, 29.481250000000159 ] } },
{ "type": "Feature", "properties": { "fid": 423, "HYBAS_ID": 4120782440.0 }, "geometry": { "type": "Point", "coordinates": [ 83.147916666666845, 29.477083333333326 ] } },
{ "type": "Feature", "properties": { "fid": 424, "HYBAS_ID": 4120782570.0 }, "geometry": { "type": "Point", "coordinates": [ 82.864583333333542, 29.47291666666672 ] } },
{ "type": "Feature", "properties": { "fid": 425, "HYBAS_ID": 4120782580.0 }, "geometry": { "type": "Point", "coordinates": [ 83.143750000000239, 29.47291666666672 ] } },
{ "type": "Feature", "properties": { "fid": 426, "HYBAS_ID": 4121444050.0 }, "geometry": { "type": "Point", "coordinates": [ 82.79375000000033, 29.464583333333451 ] } },
{ "type": "Feature", "properties": { "fid": 427, "HYBAS_ID": 4120782850.0 }, "geometry": { "type": "Point", "coordinates": [ 82.868750000000148, 29.464583333333451 ] } },
{ "type": "Feature", "properties": { "fid": 428, "HYBAS_ID": 4121444490.0 }, "geometry": { "type": "Point", "coordinates": [ 83.22291666666689, 29.43125 ] } },
{ "type": "Feature", "properties": { "fid": 429, "HYBAS_ID": 4120785430.0 }, "geometry": { "type": "Point", "coordinates": [ 83.28958333333361, 29.368750000000148 ] } },
{ "type": "Feature", "properties": { "fid": 430, "HYBAS_ID": 4121445360.0000005 }, "geometry": { "type": "Point", "coordinates": [ 83.131250000000193, 29.364583333333314 ] } },
{ "type": "Feature", "properties": { "fid": 431, "HYBAS_ID": 4120785630.0 }, "geometry": { "type": "Point", "coordinates": [ 83.285416666667004, 29.364583333333314 ] } },
{ "type": "Feature", "properties": { "fid": 432, "HYBAS_ID": 4121445420.0 }, "geometry": { "type": "Point", "coordinates": [ 82.489583333333542, 29.360416666666879 ] } },
{ "type": "Feature", "properties": { "fid": 433, "HYBAS_ID": 4120788100.0000005 }, "geometry": { "type": "Point", "coordinates": [ 82.681250000000318, 29.297916666666765 ] } },
{ "type": "Feature", "properties": { "fid": 434, "HYBAS_ID": 4120788239.9999995 }, "geometry": { "type": "Point", "coordinates": [ 82.672916666666879, 29.293750000000159 ] } },
{ "type": "Feature", "properties": { "fid": 435, "HYBAS_ID": 4120788250.0000005 }, "geometry": { "type": "Point", "coordinates": [ 83.268750000000296, 29.293750000000159 ] } },
{ "type": "Feature", "properties": { "fid": 436, "HYBAS_ID": 4120788260.0000005 }, "geometry": { "type": "Point", "coordinates": [ 83.277083333333564, 29.293750000000159 ] } },
{ "type": "Feature", "properties": { "fid": 437, "HYBAS_ID": 4121447370.0 }, "geometry": { "type": "Point", "coordinates": [ 82.660416666667004, 29.20625 ] } },
{ "type": "Feature", "properties": { "fid": 438, "HYBAS_ID": 4120791690.0 }, "geometry": { "type": "Point", "coordinates": [ 82.94791666666697, 29.193750000000193 ] } },
{ "type": "Feature", "properties": { "fid": 439, "HYBAS_ID": 4120791899.9999995 }, "geometry": { "type": "Point", "coordinates": [ 82.952083333333576, 29.189583333333417 ] } },
{ "type": "Feature", "properties": { "fid": 440, "HYBAS_ID": 4121447589.9999995 }, "geometry": { "type": "Point", "coordinates": [ 83.302083333333655, 29.189583333333417 ] } },
{ "type": "Feature", "properties": { "fid": 441, "HYBAS_ID": 4121448210.0 }, "geometry": { "type": "Point", "coordinates": [ 82.647916666666958, 29.143750000000125 ] } },
{ "type": "Feature", "properties": { "fid": 442, "HYBAS_ID": 4120793740.0 }, "geometry": { "type": "Point", "coordinates": [ 82.893750000000296, 29.135416666666686 ] } },
{ "type": "Feature", "properties": { "fid": 443, "HYBAS_ID": 4120793750.0 }, "geometry": { "type": "Point", "coordinates": [ 82.902083333333564, 29.135416666666686 ] } },
{ "type": "Feature", "properties": { "fid": 444, "HYBAS_ID": 4121448420.0000005 }, "geometry": { "type": "Point", "coordinates": [ 83.185416666666868, 29.127083333333474 ] } },
{ "type": "Feature", "properties": { "fid": 445, "HYBAS_ID": 4121448530.0 }, "geometry": { "type": "Point", "coordinates": [ 82.614583333333599, 29.118750000000205 ] } },
{ "type": "Feature", "properties": { "fid": 446, "HYBAS_ID": 4120795050.0 }, "geometry": { "type": "Point", "coordinates": [ 83.41875000000033, 29.09375 ] } },
{ "type": "Feature", "properties": { "fid": 447, "HYBAS_ID": 4120795310.0 }, "geometry": { "type": "Point", "coordinates": [ 83.422916666666936, 29.085416666666845 ] } },
{ "type": "Feature", "properties": { "fid": 448, "HYBAS_ID": 4121449170.0 }, "geometry": { "type": "Point", "coordinates": [ 83.527083333333678, 29.077083333333405 ] } },
{ "type": "Feature", "properties": { "fid": 449, "HYBAS_ID": 4121449240.0 }, "geometry": { "type": "Point", "coordinates": [ 82.489583333333542, 29.072916666666742 ] } },
{ "type": "Feature", "properties": { "fid": 450, "HYBAS_ID": 4121449280.0 }, "geometry": { "type": "Point", "coordinates": [ 83.156250000000284, 29.068750000000136 ] } },
{ "type": "Feature", "properties": { "fid": 451, "HYBAS_ID": 4120795830.0 }, "geometry": { "type": "Point", "coordinates": [ 83.468750000000171, 29.068750000000136 ] } },
{ "type": "Feature", "properties": { "fid": 452, "HYBAS_ID": 4121449400.0 }, "geometry": { "type": "Point", "coordinates": [ 82.518750000000296, 29.06458333333353 ] } },
{ "type": "Feature", "properties": { "fid": 453, "HYBAS_ID": 4120795970.0 }, "geometry": { "type": "Point", "coordinates": [ 83.468750000000171, 29.06458333333353 ] } },
{ "type": "Feature", "properties": { "fid": 454, "HYBAS_ID": 4120796750.0 }, "geometry": { "type": "Point", "coordinates": [ 82.902083333333564, 29.04375 ] } },
{ "type": "Feature", "properties": { "fid": 455, "HYBAS_ID": 4120796900.0000005 }, "geometry": { "type": "Point", "coordinates": [ 82.906250000000341, 29.039583333333383 ] } },
{ "type": "Feature", "properties": { "fid": 456, "HYBAS_ID": 4120797179.9999995 }, "geometry": { "type": "Point", "coordinates": [ 82.772916666667015, 29.027083333333508 ] } },
{ "type": "Feature", "properties": { "fid": 457, "HYBAS_ID": 4120797420.0 }, "geometry": { "type": "Point", "coordinates": [ 82.777083333333678, 29.022916666666674 ] } },
{ "type": "Feature", "properties": { "fid": 458, "HYBAS_ID": 4121449900.0 }, "geometry": { "type": "Point", "coordinates": [ 83.106250000000216, 29.022916666666674 ] } },
{ "type": "Feature", "properties": { "fid": 459, "HYBAS_ID": 4120798309.9999995 }, "geometry": { "type": "Point", "coordinates": [ 82.577083333333576, 28.993750000000148 ] } },
{ "type": "Feature", "properties": { "fid": 460, "HYBAS_ID": 4120798570.0 }, "geometry": { "type": "Point", "coordinates": [ 82.577083333333576, 28.985416666666879 ] } },
{ "type": "Feature", "properties": { "fid": 461, "HYBAS_ID": 4121450260.0 }, "geometry": { "type": "Point", "coordinates": [ 83.347916666666947, 28.985416666666879 ] } },
{ "type": "Feature", "properties": { "fid": 462, "HYBAS_ID": 4120798910.0 }, "geometry": { "type": "Point", "coordinates": [ 82.627083333333644, 28.977083333333439 ] } },
{ "type": "Feature", "properties": { "fid": 463, "HYBAS_ID": 4120798920.0 }, "geometry": { "type": "Point", "coordinates": [ 82.88125000000025, 28.977083333333439 ] } },
{ "type": "Feature", "properties": { "fid": 464, "HYBAS_ID": 4120799040.0 }, "geometry": { "type": "Point", "coordinates": [ 82.622916666666868, 28.972916666666833 ] } },
{ "type": "Feature", "properties": { "fid": 465, "HYBAS_ID": 4120799050.0 }, "geometry": { "type": "Point", "coordinates": [ 82.864583333333542, 28.972916666666833 ] } },
{ "type": "Feature", "properties": { "fid": 466, "HYBAS_ID": 4120799060.0 }, "geometry": { "type": "Point", "coordinates": [ 82.868750000000148, 28.972916666666833 ] } },
{ "type": "Feature", "properties": { "fid": 467, "HYBAS_ID": 4120799170.0 }, "geometry": { "type": "Point", "coordinates": [ 82.88125000000025, 28.968750000000171 ] } },
{ "type": "Feature", "properties": { "fid": 468, "HYBAS_ID": 4121450890.0 }, "geometry": { "type": "Point", "coordinates": [ 82.956250000000239, 28.935416666666811 ] } },
{ "type": "Feature", "properties": { "fid": 469, "HYBAS_ID": 4120801000.0 }, "geometry": { "type": "Point", "coordinates": [ 83.672916666666879, 28.914583333333496 ] } },
{ "type": "Feature", "properties": { "fid": 470, "HYBAS_ID": 4120801140.0 }, "geometry": { "type": "Point", "coordinates": [ 83.668750000000273, 28.91041666666672 ] } },
{ "type": "Feature", "properties": { "fid": 471, "HYBAS_ID": 4120801300.0 }, "geometry": { "type": "Point", "coordinates": [ 83.056250000000148, 28.90625 ] } },
{ "type": "Feature", "properties": { "fid": 472, "HYBAS_ID": 4121451300.0000005 }, "geometry": { "type": "Point", "coordinates": [ 82.510416666666856, 28.902083333333451 ] } },
{ "type": "Feature", "properties": { "fid": 473, "HYBAS_ID": 4120801509.9999995 }, "geometry": { "type": "Point", "coordinates": [ 83.060416666666981, 28.902083333333451 ] } },
{ "type": "Feature", "properties": { "fid": 474, "HYBAS_ID": 4120801520.0000005 }, "geometry": { "type": "Point", "coordinates": [ 83.181250000000261, 28.902083333333451 ] } },
{ "type": "Feature", "properties": { "fid": 475, "HYBAS_ID": 4120801630.0 }, "geometry": { "type": "Point", "coordinates": [ 83.181250000000261, 28.897916666666788 ] } },
{ "type": "Feature", "properties": { "fid": 476, "HYBAS_ID": 4120802600.0 }, "geometry": { "type": "Point", "coordinates": [ 83.335416666666845, 28.864583333333428 ] } },
{ "type": "Feature", "properties": { "fid": 477, "HYBAS_ID": 4121451880.0 }, "geometry": { "type": "Point", "coordinates": [ 83.285416666667004, 28.860416666666822 ] } },
{ "type": "Feature", "properties": { "fid": 478, "HYBAS_ID": 4120802860.0 }, "geometry": { "type": "Point", "coordinates": [ 83.335416666666845, 28.85625 ] } },
{ "type": "Feature", "properties": { "fid": 479, "HYBAS_ID": 4120803330.0 }, "geometry": { "type": "Point", "coordinates": [ 82.427083333333599, 28.847916666666777 ] } },
{ "type": "Feature", "properties": { "fid": 480, "HYBAS_ID": 4120803480.0 }, "geometry": { "type": "Point", "coordinates": [ 82.422916666666936, 28.843750000000114 ] } },
{ "type": "Feature", "properties": { "fid": 481, "HYBAS_ID": 4121452920.0 }, "geometry": { "type": "Point", "coordinates": [ 83.414583333333667, 28.781250000000171 ] } },
{ "type": "Feature", "properties": { "fid": 482, "HYBAS_ID": 4121446299.9999995 }, "geometry": { "type": "Point", "coordinates": [ 80.85625000000033, 29.289583333333496 ] } },
{ "type": "Feature", "properties": { "fid": 483, "HYBAS_ID": 4121446820.0000005 }, "geometry": { "type": "Point", "coordinates": [ 80.947916666666856, 29.25208333333353 ] } },
{ "type": "Feature", "properties": { "fid": 484, "HYBAS_ID": 4121446870.0 }, "geometry": { "type": "Point", "coordinates": [ 80.906250000000227, 29.24375 ] } },
{ "type": "Feature", "properties": { "fid": 485, "HYBAS_ID": 4120791670.0 }, "geometry": { "type": "Point", "coordinates": [ 81.014583333333576, 29.193750000000193 ] } },
{ "type": "Feature", "properties": { "fid": 486, "HYBAS_ID": 4120791680.0 }, "geometry": { "type": "Point", "coordinates": [ 81.022916666667015, 29.193750000000193 ] } },
{ "type": "Feature", "properties": { "fid": 487, "HYBAS_ID": 4121450450.0 }, "geometry": { "type": "Point", "coordinates": [ 80.84791666666689, 28.972916666666833 ] } },
{ "type": "Feature", "properties": { "fid": 488, "HYBAS_ID": 4120800069.9999995 }, "geometry": { "type": "Point", "coordinates": [ 80.985416666666822, 28.94375 ] } },
{ "type": "Feature", "properties": { "fid": 489, "HYBAS_ID": 4120800219.9999995 }, "geometry": { "type": "Point", "coordinates": [ 80.97708333333361, 28.939583333333417 ] } },
{ "type": "Feature", "properties": { "fid": 490, "HYBAS_ID": 4121454469.9999995 }, "geometry": { "type": "Point", "coordinates": [ 84.627083333333587, 28.656250000000114 ] } },
{ "type": "Feature", "properties": { "fid": 491, "HYBAS_ID": 4121455140.0000005 }, "geometry": { "type": "Point", "coordinates": [ 85.106250000000216, 28.60625 ] } },
{ "type": "Feature", "properties": { "fid": 492, "HYBAS_ID": 4120811570.0 }, "geometry": { "type": "Point", "coordinates": [ 84.422916666666936, 28.593750000000171 ] } },
{ "type": "Feature", "properties": { "fid": 493, "HYBAS_ID": 4121455380.0 }, "geometry": { "type": "Point", "coordinates": [ 84.643750000000296, 28.589583333333394 ] } },
{ "type": "Feature", "properties": { "fid": 494, "HYBAS_ID": 4120812250.0000005 }, "geometry": { "type": "Point", "coordinates": [ 84.731250000000159, 28.56875 ] } },
{ "type": "Feature", "properties": { "fid": 495, "HYBAS_ID": 4120812559.9999995 }, "geometry": { "type": "Point", "coordinates": [ 84.731250000000159, 28.560416666666811 ] } },
{ "type": "Feature", "properties": { "fid": 496, "HYBAS_ID": 4120812900.0000005 }, "geometry": { "type": "Point", "coordinates": [ 84.781250000000227, 28.547916666666765 ] } },
{ "type": "Feature", "properties": { "fid": 497, "HYBAS_ID": 4120813070.0 }, "geometry": { "type": "Point", "coordinates": [ 84.772916666666958, 28.543750000000102 ] } },
{ "type": "Feature", "properties": { "fid": 498, "HYBAS_ID": 4121456760.0 }, "geometry": { "type": "Point", "coordinates": [ 85.060416666666924, 28.49375 ] } },
{ "type": "Feature", "properties": { "fid": 499, "HYBAS_ID": 4120815280.0000005 }, "geometry": { "type": "Point", "coordinates": [ 84.956250000000352, 28.47291666666672 ] } },
{ "type": "Feature", "properties": { "fid": 500, "HYBAS_ID": 4120815360.0 }, "geometry": { "type": "Point", "coordinates": [ 84.956250000000352, 28.468750000000114 ] } },
{ "type": "Feature", "properties": { "fid": 501, "HYBAS_ID": 4120815830.0 }, "geometry": { "type": "Point", "coordinates": [ 84.902083333333678, 28.447916666666799 ] } },
{ "type": "Feature", "properties": { "fid": 502, "HYBAS_ID": 4120815980.0 }, "geometry": { "type": "Point", "coordinates": [ 84.906250000000284, 28.443750000000193 ] } },
{ "type": "Feature", "properties": { "fid": 503, "HYBAS_ID": 4120816280.0 }, "geometry": { "type": "Point", "coordinates": [ 84.897916666666845, 28.435416666666754 ] } },
{ "type": "Feature", "properties": { "fid": 504, "HYBAS_ID": 4120816510.0 }, "geometry": { "type": "Point", "coordinates": [ 84.893750000000239, 28.43125 ] } },
{ "type": "Feature", "properties": { "fid": 505, "HYBAS_ID": 4121459870.0 }, "geometry": { "type": "Point", "coordinates": [ 84.531250000000284, 28.272916666666845 ] } },
{ "type": "Feature", "properties": { "fid": 506, "HYBAS_ID": 4120824800.0 }, "geometry": { "type": "Point", "coordinates": [ 84.439583333333587, 28.172916666666708 ] } },
{ "type": "Feature", "properties": { "fid": 507, "HYBAS_ID": 4121461130.0 }, "geometry": { "type": "Point", "coordinates": [ 84.614583333333542, 28.172916666666708 ] } },
{ "type": "Feature", "properties": { "fid": 508, "HYBAS_ID": 4120824940.0 }, "geometry": { "type": "Point", "coordinates": [ 84.447916666666856, 28.168750000000102 ] } },
{ "type": "Feature", "properties": { "fid": 509, "HYBAS_ID": 4120828200.0 }, "geometry": { "type": "Point", "coordinates": [ 84.47708333333361, 28.060416666666697 ] } },
{ "type": "Feature", "properties": { "fid": 510, "HYBAS_ID": 4120828360.0 }, "geometry": { "type": "Point", "coordinates": [ 84.481250000000216, 28.05625 ] } },
{ "type": "Feature", "properties": { "fid": 511, "HYBAS_ID": 4121463710.0 }, "geometry": { "type": "Point", "coordinates": [ 84.564583333333644, 27.989583333333371 ] } },
{ "type": "Feature", "properties": { "fid": 512, "HYBAS_ID": 4120831080.0 }, "geometry": { "type": "Point", "coordinates": [ 84.422916666666936, 27.960416666666788 ] } },
{ "type": "Feature", "properties": { "fid": 513, "HYBAS_ID": 4120832379.9999995 }, "geometry": { "type": "Point", "coordinates": [ 84.53541666666689, 27.902083333333451 ] } },
{ "type": "Feature", "properties": { "fid": 514, "HYBAS_ID": 4120832389.9999995 }, "geometry": { "type": "Point", "coordinates": [ 84.54375000000033, 27.902083333333451 ] } },
{ "type": "Feature", "properties": { "fid": 515, "HYBAS_ID": 4120827730.0 }, "geometry": { "type": "Point", "coordinates": [ 83.347916666666947, 28.072916666666799 ] } },
{ "type": "Feature", "properties": { "fid": 516, "HYBAS_ID": 4120827890.0 }, "geometry": { "type": "Point", "coordinates": [ 83.352083333333553, 28.068750000000136 ] } },
{ "type": "Feature", "properties": { "fid": 517, "HYBAS_ID": 4120829519.9999995 }, "geometry": { "type": "Point", "coordinates": [ 83.602083333333667, 28.014583333333462 ] } },
{ "type": "Feature", "properties": { "fid": 518, "HYBAS_ID": 4120830350.0 }, "geometry": { "type": "Point", "coordinates": [ 83.585416666667015, 27.985416666666879 ] } },
{ "type": "Feature", "properties": { "fid": 519, "HYBAS_ID": 4120830500.0000005 }, "geometry": { "type": "Point", "coordinates": [ 83.585416666667015, 27.981250000000102 ] } },
{ "type": "Feature", "properties": { "fid": 520, "HYBAS_ID": 4120830779.9999995 }, "geometry": { "type": "Point", "coordinates": [ 83.468750000000171, 27.972916666666833 ] } },
{ "type": "Feature", "properties": { "fid": 521, "HYBAS_ID": 4120830789.9999995 }, "geometry": { "type": "Point", "coordinates": [ 83.47708333333361, 27.972916666666833 ] } },
{ "type": "Feature", "properties": { "fid": 522, "HYBAS_ID": 4120831610.0000005 }, "geometry": { "type": "Point", "coordinates": [ 83.44375000000025, 27.939583333333474 ] } },
{ "type": "Feature", "properties": { "fid": 523, "HYBAS_ID": 4120831730.0 }, "geometry": { "type": "Point", "coordinates": [ 83.439583333333644, 27.935416666666811 ] } },
{ "type": "Feature", "properties": { "fid": 524, "HYBAS_ID": 4120755360.0 }, "geometry": { "type": "Point", "coordinates": [ 81.681250000000205, 30.335416666666731 ] } },
{ "type": "Feature", "properties": { "fid": 525, "HYBAS_ID": 4120755370.0 }, "geometry": { "type": "Point", "coordinates": [ 81.685416666666981, 30.335416666666731 ] } },
{ "type": "Feature", "properties": { "fid": 526, "HYBAS_ID": 4120757189.9999995 }, "geometry": { "type": "Point", "coordinates": [ 81.664583333333667, 30.272916666666788 ] } },
{ "type": "Feature", "properties": { "fid": 527, "HYBAS_ID": 4120757310.0 }, "geometry": { "type": "Point", "coordinates": [ 81.668750000000273, 30.268750000000182 ] } },
{ "type": "Feature", "properties": { "fid": 528, "HYBAS_ID": 4121434440.0 }, "geometry": { "type": "Point", "coordinates": [ 81.777083333333678, 30.256250000000136 ] } },
{ "type": "Feature", "properties": { "fid": 529, "HYBAS_ID": 4120759240.0 }, "geometry": { "type": "Point", "coordinates": [ 82.018750000000352, 30.202083333333405 ] } },
{ "type": "Feature", "properties": { "fid": 530, "HYBAS_ID": 4120759360.0 }, "geometry": { "type": "Point", "coordinates": [ 82.014583333333576, 30.197916666666799 ] } },
{ "type": "Feature", "properties": { "fid": 531, "HYBAS_ID": 4120759870.0 }, "geometry": { "type": "Point", "coordinates": [ 81.447916666666913, 30.18125 ] } },
{ "type": "Feature", "properties": { "fid": 532, "HYBAS_ID": 4120760050.0 }, "geometry": { "type": "Point", "coordinates": [ 81.447916666666913, 30.177083333333485 ] } },
{ "type": "Feature", "properties": { "fid": 533, "HYBAS_ID": 4120760770.0 }, "geometry": { "type": "Point", "coordinates": [ 82.04375000000033, 30.152083333333394 ] } },
{ "type": "Feature", "properties": { "fid": 534, "HYBAS_ID": 4120760859.9999995 }, "geometry": { "type": "Point", "coordinates": [ 82.047916666666936, 30.147916666666731 ] } },
{ "type": "Feature", "properties": { "fid": 535, "HYBAS_ID": 4121436190.0 }, "geometry": { "type": "Point", "coordinates": [ 82.047916666666936, 30.110416666666765 ] } },
{ "type": "Feature", "properties": { "fid": 536, "HYBAS_ID": 4121436210.0 }, "geometry": { "type": "Point", "coordinates": [ 81.427083333333599, 30.106250000000102 ] } },
{ "type": "Feature", "properties": { "fid": 537, "HYBAS_ID": 4120762570.0 }, "geometry": { "type": "Point", "coordinates": [ 81.527083333333564, 30.085416666666788 ] } },
{ "type": "Feature", "properties": { "fid": 538, "HYBAS_ID": 4120762670.0 }, "geometry": { "type": "Point", "coordinates": [ 81.522916666666902, 30.081250000000182 ] } },
{ "type": "Feature", "properties": { "fid": 539, "HYBAS_ID": 4120764090.0000005 }, "geometry": { "type": "Point", "coordinates": [ 81.652083333333621, 30.043750000000159 ] } },
{ "type": "Feature", "properties": { "fid": 540, "HYBAS_ID": 4120764260.0000005 }, "geometry": { "type": "Point", "coordinates": [ 81.647916666666958, 30.039583333333383 ] } },
{ "type": "Feature", "properties": { "fid": 541, "HYBAS_ID": 4120764470.0 }, "geometry": { "type": "Point", "coordinates": [ 81.652083333333621, 30.03541666666672 ] } },
{ "type": "Feature", "properties": { "fid": 542, "HYBAS_ID": 4120764690.0 }, "geometry": { "type": "Point", "coordinates": [ 81.652083333333621, 30.031250000000114 ] } },
{ "type": "Feature", "properties": { "fid": 543, "HYBAS_ID": 4120765220.0000005 }, "geometry": { "type": "Point", "coordinates": [ 81.76041666666697, 30.010416666666799 ] } },
{ "type": "Feature", "properties": { "fid": 544, "HYBAS_ID": 4120765320.0 }, "geometry": { "type": "Point", "coordinates": [ 81.768750000000239, 30.006250000000193 ] } },
{ "type": "Feature", "properties": { "fid": 545, "HYBAS_ID": 4121437440.0 }, "geometry": { "type": "Point", "coordinates": [ 81.993750000000261, 30.00208333333353 ] } },
{ "type": "Feature", "properties": { "fid": 546, "HYBAS_ID": 4120767160.0 }, "geometry": { "type": "Point", "coordinates": [ 81.931250000000318, 29.956250000000125 ] } },
{ "type": "Feature", "properties": { "fid": 547, "HYBAS_ID": 4120767300.0000005 }, "geometry": { "type": "Point", "coordinates": [ 81.931250000000318, 29.952083333333462 ] } },
{ "type": "Feature", "properties": { "fid": 548, "HYBAS_ID": 4121438070.0 }, "geometry": { "type": "Point", "coordinates": [ 82.114583333333485, 29.952083333333462 ] } },
{ "type": "Feature", "properties": { "fid": 549, "HYBAS_ID": 4120767540.0 }, "geometry": { "type": "Point", "coordinates": [ 81.85625000000033, 29.94375 ] } },
{ "type": "Feature", "properties": { "fid": 550, "HYBAS_ID": 4120767550.0 }, "geometry": { "type": "Point", "coordinates": [ 81.860416666666936, 29.94375 ] } },
{ "type": "Feature", "properties": { "fid": 551, "HYBAS_ID": 4121438390.0 }, "geometry": { "type": "Point", "coordinates": [ 82.389583333333576, 29.927083333333371 ] } },
{ "type": "Feature", "properties": { "fid": 552, "HYBAS_ID": 4120768370.0 }, "geometry": { "type": "Point", "coordinates": [ 82.306250000000318, 29.914583333333496 ] } },
{ "type": "Feature", "properties": { "fid": 553, "HYBAS_ID": 4120768379.9999995 }, "geometry": { "type": "Point", "coordinates": [ 82.310416666666924, 29.914583333333496 ] } },
{ "type": "Feature", "properties": { "fid": 554, "HYBAS_ID": 4121439579.9999995 }, "geometry": { "type": "Point", "coordinates": [ 82.218750000000284, 29.843750000000114 ] } },
{ "type": "Feature", "properties": { "fid": 555, "HYBAS_ID": 4121439700.0 }, "geometry": { "type": "Point", "coordinates": [ 82.143750000000239, 29.835416666666845 ] } },
{ "type": "Feature", "properties": { "fid": 556, "HYBAS_ID": 4121440050.0 }, "geometry": { "type": "Point", "coordinates": [ 81.864583333333542, 29.80625 ] } },
{ "type": "Feature", "properties": { "fid": 557, "HYBAS_ID": 4120772630.0 }, "geometry": { "type": "Point", "coordinates": [ 81.943750000000193, 29.781250000000171 ] } },
{ "type": "Feature", "properties": { "fid": 558, "HYBAS_ID": 4120772640.0 }, "geometry": { "type": "Point", "coordinates": [ 81.952083333333633, 29.781250000000171 ] } },
{ "type": "Feature", "properties": { "fid": 559, "HYBAS_ID": 4121440510.0 }, "geometry": { "type": "Point", "coordinates": [ 82.293750000000273, 29.772916666666731 ] } },
{ "type": "Feature", "properties": { "fid": 560, "HYBAS_ID": 4121440530.0 }, "geometry": { "type": "Point", "coordinates": [ 82.22291666666689, 29.768750000000125 ] } },
{ "type": "Feature", "properties": { "fid": 561, "HYBAS_ID": 4120773160.0 }, "geometry": { "type": "Point", "coordinates": [ 82.085416666666958, 29.760416666666856 ] } },
{ "type": "Feature", "properties": { "fid": 562, "HYBAS_ID": 4120773290.0 }, "geometry": { "type": "Point", "coordinates": [ 82.085416666666958, 29.75625 ] } },
{ "type": "Feature", "properties": { "fid": 563, "HYBAS_ID": 4120773400.0 }, "geometry": { "type": "Point", "coordinates": [ 82.027083333333621, 29.752083333333417 ] } },
{ "type": "Feature", "properties": { "fid": 564, "HYBAS_ID": 4120773580.0 }, "geometry": { "type": "Point", "coordinates": [ 82.03541666666689, 29.747916666666811 ] } },
{ "type": "Feature", "properties": { "fid": 565, "HYBAS_ID": 4120773590.0 }, "geometry": { "type": "Point", "coordinates": [ 82.064583333333644, 29.747916666666811 ] } },
{ "type": "Feature", "properties": { "fid": 566, "HYBAS_ID": 4120773760.0 }, "geometry": { "type": "Point", "coordinates": [ 82.060416666666981, 29.743750000000148 ] } },
{ "type": "Feature", "properties": { "fid": 567, "HYBAS_ID": 4120776670.0 }, "geometry": { "type": "Point", "coordinates": [ 81.877083333333644, 29.66041666666672 ] } },
{ "type": "Feature", "properties": { "fid": 568, "HYBAS_ID": 4120776680.0 }, "geometry": { "type": "Point", "coordinates": [ 81.885416666666856, 29.66041666666672 ] } },
{ "type": "Feature", "properties": { "fid": 569, "HYBAS_ID": 4120777950.0 }, "geometry": { "type": "Point", "coordinates": [ 81.85625000000033, 29.622916666666697 ] } },
{ "type": "Feature", "properties": { "fid": 570, "HYBAS_ID": 4120778050.0 }, "geometry": { "type": "Point", "coordinates": [ 81.85625000000033, 29.61875 ] } },
{ "type": "Feature", "properties": { "fid": 571, "HYBAS_ID": 4121477630.0 }, "geometry": { "type": "Point", "coordinates": [ 87.768750000000296, 26.914583333333383 ] } },
{ "type": "Feature", "properties": { "fid": 572, "HYBAS_ID": 4120864920.0 }, "geometry": { "type": "Point", "coordinates": [ 87.95208333333369, 26.89375 ] } },
{ "type": "Feature", "properties": { "fid": 573, "HYBAS_ID": 4120865029.9999995 }, "geometry": { "type": "Point", "coordinates": [ 87.956250000000296, 26.889583333333405 ] } },
{ "type": "Feature", "properties": { "fid": 574, "HYBAS_ID": 4120865669.9999995 }, "geometry": { "type": "Point", "coordinates": [ 87.906250000000227, 26.860416666666879 ] } },
{ "type": "Feature", "properties": { "fid": 575, "HYBAS_ID": 4120865679.9999995 }, "geometry": { "type": "Point", "coordinates": [ 87.914583333333667, 26.860416666666879 ] } },
{ "type": "Feature", "properties": { "fid": 576, "HYBAS_ID": 4120866430.0 }, "geometry": { "type": "Point", "coordinates": [ 87.777083333333564, 26.831250000000125 ] } },
{ "type": "Feature", "properties": { "fid": 577, "HYBAS_ID": 4120866510.0 }, "geometry": { "type": "Point", "coordinates": [ 87.781250000000341, 26.827083333333462 ] } },
{ "type": "Feature", "properties": { "fid": 578, "HYBAS_ID": 4121479780.0000005 }, "geometry": { "type": "Point", "coordinates": [ 87.864583333333599, 26.760416666666742 ] } },
{ "type": "Feature", "properties": { "fid": 579, "HYBAS_ID": 4121480630.0 }, "geometry": { "type": "Point", "coordinates": [ 87.618750000000261, 26.693750000000136 ] } },
{ "type": "Feature", "properties": { "fid": 580, "HYBAS_ID": 4120871200.0 }, "geometry": { "type": "Point", "coordinates": [ 87.95208333333369, 26.664583333333439 ] } },
{ "type": "Feature", "properties": { "fid": 581, "HYBAS_ID": 4120871210.0 }, "geometry": { "type": "Point", "coordinates": [ 87.960416666666902, 26.664583333333439 ] } },
{ "type": "Feature", "properties": { "fid": 582, "HYBAS_ID": 4121448770.0 }, "geometry": { "type": "Point", "coordinates": [ 82.085416666666958, 29.106250000000159 ] } },
{ "type": "Feature", "properties": { "fid": 583, "HYBAS_ID": 4121450459.9999995 }, "geometry": { "type": "Point", "coordinates": [ 82.235416666666936, 28.972916666666833 ] } },
{ "type": "Feature", "properties": { "fid": 584, "HYBAS_ID": 4120800430.0 }, "geometry": { "type": "Point", "coordinates": [ 82.272916666666958, 28.931250000000205 ] } },
{ "type": "Feature", "properties": { "fid": 585, "HYBAS_ID": 4120800440.0 }, "geometry": { "type": "Point", "coordinates": [ 82.281250000000227, 28.931250000000205 ] } },
{ "type": "Feature", "properties": { "fid": 586, "HYBAS_ID": 4121451510.0 }, "geometry": { "type": "Point", "coordinates": [ 81.947916666666799, 28.885416666666742 ] } },
{ "type": "Feature", "properties": { "fid": 587, "HYBAS_ID": 4121452290.0 }, "geometry": { "type": "Point", "coordinates": [ 82.160416666666947, 28.822916666666799 ] } },
{ "type": "Feature", "properties": { "fid": 588, "HYBAS_ID": 4120805070.0 }, "geometry": { "type": "Point", "coordinates": [ 82.018750000000352, 28.789583333333439 ] } },
{ "type": "Feature", "properties": { "fid": 589, "HYBAS_ID": 4120805080.0 }, "geometry": { "type": "Point", "coordinates": [ 82.297916666666879, 28.789583333333439 ] } },
{ "type": "Feature", "properties": { "fid": 590, "HYBAS_ID": 4120805199.9999995 }, "geometry": { "type": "Point", "coordinates": [ 82.014583333333576, 28.785416666666833 ] } },
{ "type": "Feature", "properties": { "fid": 591, "HYBAS_ID": 4120805210.0000005 }, "geometry": { "type": "Point", "coordinates": [ 82.302083333333542, 28.785416666666833 ] } },
{ "type": "Feature", "properties": { "fid": 592, "HYBAS_ID": 4120806070.0 }, "geometry": { "type": "Point", "coordinates": [ 82.056250000000205, 28.764583333333519 ] } },
{ "type": "Feature", "properties": { "fid": 593, "HYBAS_ID": 4120806080.0 }, "geometry": { "type": "Point", "coordinates": [ 82.064583333333644, 28.764583333333519 ] } },
{ "type": "Feature", "properties": { "fid": 594, "HYBAS_ID": 4120808110.0 }, "geometry": { "type": "Point", "coordinates": [ 82.272916666666958, 28.697916666666742 ] } },
{ "type": "Feature", "properties": { "fid": 595, "HYBAS_ID": 4120808270.0 }, "geometry": { "type": "Point", "coordinates": [ 82.272916666666958, 28.693750000000136 ] } },
{ "type": "Feature", "properties": { "fid": 596, "HYBAS_ID": 4120808600.0 }, "geometry": { "type": "Point", "coordinates": [ 82.210416666667015, 28.68125 ] } },
{ "type": "Feature", "properties": { "fid": 597, "HYBAS_ID": 4120809000.0 }, "geometry": { "type": "Point", "coordinates": [ 82.206250000000182, 28.672916666666822 ] } },
{ "type": "Feature", "properties": { "fid": 598, "HYBAS_ID": 4120809160.0 }, "geometry": { "type": "Point", "coordinates": [ 82.014583333333576, 28.668750000000159 ] } },
{ "type": "Feature", "properties": { "fid": 599, "HYBAS_ID": 4120809290.0 }, "geometry": { "type": "Point", "coordinates": [ 82.010416666666913, 28.664583333333383 ] } },
{ "type": "Feature", "properties": { "fid": 600, "HYBAS_ID": 4121454410.0 }, "geometry": { "type": "Point", "coordinates": [ 82.518750000000296, 28.66041666666672 ] } },
{ "type": "Feature", "properties": { "fid": 601, "HYBAS_ID": 4120810010.0000005 }, "geometry": { "type": "Point", "coordinates": [ 82.039583333333667, 28.64375 ] } },
{ "type": "Feature", "properties": { "fid": 602, "HYBAS_ID": 4120810020.0000005 }, "geometry": { "type": "Point", "coordinates": [ 82.427083333333599, 28.64375 ] } },
{ "type": "Feature", "properties": { "fid": 603, "HYBAS_ID": 4120810230.0 }, "geometry": { "type": "Point", "coordinates": [ 82.039583333333667, 28.635416666666799 ] } },
{ "type": "Feature", "properties": { "fid": 604, "HYBAS_ID": 4120810240.0 }, "geometry": { "type": "Point", "coordinates": [ 82.422916666666936, 28.635416666666799 ] } },
{ "type": "Feature", "properties": { "fid": 605, "HYBAS_ID": 4120810939.9999995 }, "geometry": { "type": "Point", "coordinates": [ 82.172916666666993, 28.614583333333485 ] } },
{ "type": "Feature", "properties": { "fid": 606, "HYBAS_ID": 4121481430.0 }, "geometry": { "type": "Point", "coordinates": [ 87.877083333333474, 26.63125 ] } },
{ "type": "Feature", "properties": { "fid": 607, "HYBAS_ID": 4120872530.0 }, "geometry": { "type": "Point", "coordinates": [ 88.13958333333369, 26.618750000000148 ] } },
{ "type": "Feature", "properties": { "fid": 608, "HYBAS_ID": 4120872600.0 }, "geometry": { "type": "Point", "coordinates": [ 88.13125000000025, 26.614583333333371 ] } },
{ "type": "Feature", "properties": { "fid": 609, "HYBAS_ID": 4120873520.0000005 }, "geometry": { "type": "Point", "coordinates": [ 87.639583333333576, 26.589583333333394 ] } },
{ "type": "Feature", "properties": { "fid": 610, "HYBAS_ID": 4120873530.0000005 }, "geometry": { "type": "Point", "coordinates": [ 87.643750000000239, 26.589583333333394 ] } },
{ "type": "Feature", "properties": { "fid": 611, "HYBAS_ID": 4120874600.0 }, "geometry": { "type": "Point", "coordinates": [ 88.114583333333542, 26.560416666666868 ] } },
{ "type": "Feature", "properties": { "fid": 612, "HYBAS_ID": 4120876699.9999995 }, "geometry": { "type": "Point", "coordinates": [ 88.093750000000227, 26.49375 ] } },
{ "type": "Feature", "properties": { "fid": 613, "HYBAS_ID": 4120876859.9999995 }, "geometry": { "type": "Point", "coordinates": [ 88.089583333333621, 26.489583333333485 ] } },
{ "type": "Feature", "properties": { "fid": 614, "HYBAS_ID": 4120878070.0 }, "geometry": { "type": "Point", "coordinates": [ 87.835416666666845, 26.447916666666856 ] } },
{ "type": "Feature", "properties": { "fid": 615, "HYBAS_ID": 4120878080.0 }, "geometry": { "type": "Point", "coordinates": [ 87.839583333333678, 26.447916666666856 ] } },
{ "type": "Feature", "properties": { "fid": 616, "HYBAS_ID": 4120879360.0 }, "geometry": { "type": "Point", "coordinates": [ 87.75625000000025, 26.410416666666833 ] } },
{ "type": "Feature", "properties": { "fid": 617, "HYBAS_ID": 4121443510.0 }, "geometry": { "type": "Point", "coordinates": [ 81.902083333333564, 29.50625 ] } },
{ "type": "Feature", "properties": { "fid": 618, "HYBAS_ID": 4121444620.0 }, "geometry": { "type": "Point", "coordinates": [ 82.052083333333542, 29.422916666666822 ] } },
{ "type": "Feature", "properties": { "fid": 619, "HYBAS_ID": 4121444900.0000005 }, "geometry": { "type": "Point", "coordinates": [ 82.306250000000318, 29.406250000000171 ] } },
{ "type": "Feature", "properties": { "fid": 620, "HYBAS_ID": 4121445060.0000005 }, "geometry": { "type": "Point", "coordinates": [ 82.19791666666697, 29.389583333333462 ] } },
{ "type": "Feature", "properties": { "fid": 621, "HYBAS_ID": 4121445090.0 }, "geometry": { "type": "Point", "coordinates": [ 81.981250000000216, 29.385416666666856 ] } },
{ "type": "Feature", "properties": { "fid": 622, "HYBAS_ID": 4121446040.0 }, "geometry": { "type": "Point", "coordinates": [ 81.985416666666993, 29.314583333333474 ] } },
{ "type": "Feature", "properties": { "fid": 623, "HYBAS_ID": 4121446220.0 }, "geometry": { "type": "Point", "coordinates": [ 82.339583333333678, 29.297916666666765 ] } },
{ "type": "Feature", "properties": { "fid": 624, "HYBAS_ID": 4121446230.0 }, "geometry": { "type": "Point", "coordinates": [ 82.352083333333553, 29.297916666666765 ] } },
{ "type": "Feature", "properties": { "fid": 625, "HYBAS_ID": 4120788709.9999995 }, "geometry": { "type": "Point", "coordinates": [ 82.206250000000182, 29.277083333333451 ] } },
{ "type": "Feature", "properties": { "fid": 626, "HYBAS_ID": 4120788859.9999995 }, "geometry": { "type": "Point", "coordinates": [ 82.206250000000182, 29.272916666666845 ] } },
{ "type": "Feature", "properties": { "fid": 627, "HYBAS_ID": 4120789770.0 }, "geometry": { "type": "Point", "coordinates": [ 82.118750000000318, 29.247916666666868 ] } },
{ "type": "Feature", "properties": { "fid": 628, "HYBAS_ID": 4120790060.0 }, "geometry": { "type": "Point", "coordinates": [ 82.114583333333485, 29.239583333333428 ] } },
{ "type": "Feature", "properties": { "fid": 629, "HYBAS_ID": 4120790530.0 }, "geometry": { "type": "Point", "coordinates": [ 82.00208333333353, 29.227083333333383 ] } },
{ "type": "Feature", "properties": { "fid": 630, "HYBAS_ID": 4121447140.0000005 }, "geometry": { "type": "Point", "coordinates": [ 82.331250000000239, 29.222916666666777 ] } },
{ "type": "Feature", "properties": { "fid": 631, "HYBAS_ID": 4120790760.0 }, "geometry": { "type": "Point", "coordinates": [ 81.997916666666868, 29.218750000000114 ] } },
{ "type": "Feature", "properties": { "fid": 632, "HYBAS_ID": 4120791150.0 }, "geometry": { "type": "Point", "coordinates": [ 81.910416666667004, 29.20625 ] } },
{ "type": "Feature", "properties": { "fid": 633, "HYBAS_ID": 4121447360.0 }, "geometry": { "type": "Point", "coordinates": [ 82.38541666666697, 29.20625 ] } },
{ "type": "Feature", "properties": { "fid": 634, "HYBAS_ID": 4120791300.0000005 }, "geometry": { "type": "Point", "coordinates": [ 81.91458333333361, 29.202083333333462 ] } },
{ "type": "Feature", "properties": { "fid": 635, "HYBAS_ID": 4120838210.0 }, "geometry": { "type": "Point", "coordinates": [ 85.781250000000227, 27.735416666666765 ] } },
{ "type": "Feature", "properties": { "fid": 636, "HYBAS_ID": 4120838220.0 }, "geometry": { "type": "Point", "coordinates": [ 85.785416666667004, 27.735416666666765 ] } },
{ "type": "Feature", "properties": { "fid": 637, "HYBAS_ID": 4120838820.0000005 }, "geometry": { "type": "Point", "coordinates": [ 85.672916666666822, 27.714583333333451 ] } },
{ "type": "Feature", "properties": { "fid": 638, "HYBAS_ID": 4120839010.0 }, "geometry": { "type": "Point", "coordinates": [ 85.66458333333361, 27.710416666666845 ] } },
{ "type": "Feature", "properties": { "fid": 639, "HYBAS_ID": 4120841220.0000005 }, "geometry": { "type": "Point", "coordinates": [ 85.706250000000239, 27.639583333333462 ] } },
{ "type": "Feature", "properties": { "fid": 640, "HYBAS_ID": 4120841230.0 }, "geometry": { "type": "Point", "coordinates": [ 85.710416666667015, 27.639583333333462 ] } },
{ "type": "Feature", "properties": { "fid": 641, "HYBAS_ID": 4120842490.0000005 }, "geometry": { "type": "Point", "coordinates": [ 85.72291666666689, 27.589583333333394 ] } },
{ "type": "Feature", "properties": { "fid": 642, "HYBAS_ID": 4121468670.0 }, "geometry": { "type": "Point", "coordinates": [ 85.85208333333361, 27.589583333333394 ] } },
{ "type": "Feature", "properties": { "fid": 643, "HYBAS_ID": 4121468740.0000005 }, "geometry": { "type": "Point", "coordinates": [ 85.518750000000182, 27.585416666666788 ] } },
{ "type": "Feature", "properties": { "fid": 644, "HYBAS_ID": 4120842600.0 }, "geometry": { "type": "Point", "coordinates": [ 85.727083333333553, 27.585416666666788 ] } },
{ "type": "Feature", "properties": { "fid": 645, "HYBAS_ID": 4121469720.0 }, "geometry": { "type": "Point", "coordinates": [ 85.602083333333667, 27.514583333333405 ] } },
{ "type": "Feature", "properties": { "fid": 646, "HYBAS_ID": 4120844800.0 }, "geometry": { "type": "Point", "coordinates": [ 85.793750000000273, 27.510416666666742 ] } },
{ "type": "Feature", "properties": { "fid": 647, "HYBAS_ID": 4120844950.0 }, "geometry": { "type": "Point", "coordinates": [ 85.802083333333542, 27.506250000000136 ] } },
{ "type": "Feature", "properties": { "fid": 648, "HYBAS_ID": 4121469970.0 }, "geometry": { "type": "Point", "coordinates": [ 85.714583333333621, 27.50208333333353 ] } },
{ "type": "Feature", "properties": { "fid": 649, "HYBAS_ID": 4120846530.0 }, "geometry": { "type": "Point", "coordinates": [ 85.810416666666981, 27.45625 ] } },
{ "type": "Feature", "properties": { "fid": 650, "HYBAS_ID": 4120846740.0 }, "geometry": { "type": "Point", "coordinates": [ 85.814583333333587, 27.447916666666799 ] } },
{ "type": "Feature", "properties": { "fid": 651, "HYBAS_ID": 4121471119.9999995 }, "geometry": { "type": "Point", "coordinates": [ 85.422916666666879, 27.406250000000171 ] } },
{ "type": "Feature", "properties": { "fid": 652, "HYBAS_ID": 4120848980.0 }, "geometry": { "type": "Point", "coordinates": [ 85.477083333333553, 27.377083333333417 ] } },
{ "type": "Feature", "properties": { "fid": 653, "HYBAS_ID": 4120849140.0 }, "geometry": { "type": "Point", "coordinates": [ 85.481250000000216, 27.372916666666811 ] } },
{ "type": "Feature", "properties": { "fid": 654, "HYBAS_ID": 4120850020.0000005 }, "geometry": { "type": "Point", "coordinates": [ 85.627083333333587, 27.352083333333496 ] } },
{ "type": "Feature", "properties": { "fid": 655, "HYBAS_ID": 4120850139.9999995 }, "geometry": { "type": "Point", "coordinates": [ 85.631250000000193, 27.34791666666672 ] } },
{ "type": "Feature", "properties": { "fid": 656, "HYBAS_ID": 4121452750.0 }, "geometry": { "type": "Point", "coordinates": [ 80.53958333333361, 28.79375 ] } },
{ "type": "Feature", "properties": { "fid": 657, "HYBAS_ID": 4120806700.0 }, "geometry": { "type": "Point", "coordinates": [ 81.260416666666913, 28.743750000000205 ] } },
{ "type": "Feature", "properties": { "fid": 658, "HYBAS_ID": 4120806930.0 }, "geometry": { "type": "Point", "coordinates": [ 81.264583333333519, 28.739583333333371 ] } },
{ "type": "Feature", "properties": { "fid": 659, "HYBAS_ID": 4121453490.0 }, "geometry": { "type": "Point", "coordinates": [ 80.906250000000227, 28.727083333333496 ] } },
{ "type": "Feature", "properties": { "fid": 660, "HYBAS_ID": 4121453790.0 }, "geometry": { "type": "Point", "coordinates": [ 80.543750000000273, 28.706250000000182 ] } },
{ "type": "Feature", "properties": { "fid": 661, "HYBAS_ID": 4120807920.0000005 }, "geometry": { "type": "Point", "coordinates": [ 80.672916666666936, 28.702083333333348 ] } },
{ "type": "Feature", "properties": { "fid": 662, "HYBAS_ID": 4120808100.0000005 }, "geometry": { "type": "Point", "coordinates": [ 80.677083333333599, 28.697916666666742 ] } },
{ "type": "Feature", "properties": { "fid": 663, "HYBAS_ID": 4120809989.9999995 }, "geometry": { "type": "Point", "coordinates": [ 80.639583333333576, 28.64375 ] } },
{ "type": "Feature", "properties": { "fid": 664, "HYBAS_ID": 4120809999.9999995 }, "geometry": { "type": "Point", "coordinates": [ 80.647916666667015, 28.64375 ] } },
{ "type": "Feature", "properties": { "fid": 665, "HYBAS_ID": 4120810930.0 }, "geometry": { "type": "Point", "coordinates": [ 80.931250000000318, 28.614583333333485 ] } },
{ "type": "Feature", "properties": { "fid": 666, "HYBAS_ID": 4120811060.0 }, "geometry": { "type": "Point", "coordinates": [ 80.935416666666981, 28.610416666666879 ] } },
{ "type": "Feature", "properties": { "fid": 667, "HYBAS_ID": 4120811749.9999995 }, "geometry": { "type": "Point", "coordinates": [ 81.03541666666689, 28.589583333333394 ] } },
{ "type": "Feature", "properties": { "fid": 668, "HYBAS_ID": 4120811760.0000005 }, "geometry": { "type": "Point", "coordinates": [ 81.039583333333553, 28.589583333333394 ] } },
{ "type": "Feature", "properties": { "fid": 669, "HYBAS_ID": 4120811970.0 }, "geometry": { "type": "Point", "coordinates": [ 80.752083333333587, 28.581250000000125 ] } },
{ "type": "Feature", "properties": { "fid": 670, "HYBAS_ID": 4120812059.9999995 }, "geometry": { "type": "Point", "coordinates": [ 80.747916666666924, 28.577083333333462 ] } },
{ "type": "Feature", "properties": { "fid": 671, "HYBAS_ID": 4120812539.9999995 }, "geometry": { "type": "Point", "coordinates": [ 80.772916666666902, 28.560416666666811 ] } },
{ "type": "Feature", "properties": { "fid": 672, "HYBAS_ID": 4120812549.9999995 }, "geometry": { "type": "Point", "coordinates": [ 80.781250000000341, 28.560416666666811 ] } },
{ "type": "Feature", "properties": { "fid": 673, "HYBAS_ID": 4121456310.0 }, "geometry": { "type": "Point", "coordinates": [ 80.827083333333576, 28.522916666666788 ] } },
{ "type": "Feature", "properties": { "fid": 674, "HYBAS_ID": 4120814210.0 }, "geometry": { "type": "Point", "coordinates": [ 81.03541666666689, 28.510416666666742 ] } },
{ "type": "Feature", "properties": { "fid": 675, "HYBAS_ID": 4120814299.9999995 }, "geometry": { "type": "Point", "coordinates": [ 81.039583333333553, 28.506250000000136 ] } },
{ "type": "Feature", "properties": { "fid": 676, "HYBAS_ID": 4120815550.0 }, "geometry": { "type": "Point", "coordinates": [ 81.01041666666697, 28.45625 ] } },
{ "type": "Feature", "properties": { "fid": 677, "HYBAS_ID": 4120815820.0 }, "geometry": { "type": "Point", "coordinates": [ 80.972916666666947, 28.447916666666799 ] } },
{ "type": "Feature", "properties": { "fid": 678, "HYBAS_ID": 4120815970.0 }, "geometry": { "type": "Point", "coordinates": [ 80.968750000000341, 28.443750000000193 ] } },
{ "type": "Feature", "properties": { "fid": 679, "HYBAS_ID": 4120816490.0 }, "geometry": { "type": "Point", "coordinates": [ 81.03541666666689, 28.43125 ] } },
{ "type": "Feature", "properties": { "fid": 680, "HYBAS_ID": 4120816760.0 }, "geometry": { "type": "Point", "coordinates": [ 81.039583333333553, 28.422916666666879 ] } },
{ "type": "Feature", "properties": { "fid": 681, "HYBAS_ID": 4120790740.0 }, "geometry": { "type": "Point", "coordinates": [ 81.631250000000307, 29.218750000000114 ] } },
{ "type": "Feature", "properties": { "fid": 682, "HYBAS_ID": 4120790750.0 }, "geometry": { "type": "Point", "coordinates": [ 81.635416666666913, 29.218750000000114 ] } },
{ "type": "Feature", "properties": { "fid": 683, "HYBAS_ID": 4121448680.0 }, "geometry": { "type": "Point", "coordinates": [ 80.156250000000341, 29.110416666666765 ] } },
{ "type": "Feature", "properties": { "fid": 684, "HYBAS_ID": 4121451050.0 }, "geometry": { "type": "Point", "coordinates": [ 80.252083333333474, 28.922916666666765 ] } },
{ "type": "Feature", "properties": { "fid": 685, "HYBAS_ID": 4121451870.0 }, "geometry": { "type": "Point", "coordinates": [ 80.235416666666993, 28.860416666666822 ] } },
{ "type": "Feature", "properties": { "fid": 686, "HYBAS_ID": 4120803320.0 }, "geometry": { "type": "Point", "coordinates": [ 80.414583333333553, 28.847916666666777 ] } },
{ "type": "Feature", "properties": { "fid": 687, "HYBAS_ID": 4120803470.0 }, "geometry": { "type": "Point", "coordinates": [ 80.422916666666993, 28.843750000000114 ] } },
{ "type": "Feature", "properties": { "fid": 688, "HYBAS_ID": 4120804420.0000005 }, "geometry": { "type": "Point", "coordinates": [ 80.377083333333587, 28.810416666666754 ] } },
{ "type": "Feature", "properties": { "fid": 689, "HYBAS_ID": 4120804430.0 }, "geometry": { "type": "Point", "coordinates": [ 80.381250000000193, 28.810416666666754 ] } },
{ "type": "Feature", "properties": { "fid": 690, "HYBAS_ID": 4121453570.0 }, "geometry": { "type": "Point", "coordinates": [ 80.406250000000284, 28.722916666666663 ] } },
{ "type": "Feature", "properties": { "fid": 691, "HYBAS_ID": 4120840370.0 }, "geometry": { "type": "Point", "coordinates": [ 83.114583333333655, 27.672916666666822 ] } },
{ "type": "Feature", "properties": { "fid": 692, "HYBAS_ID": 4120840379.9999995 }, "geometry": { "type": "Point", "coordinates": [ 83.118750000000318, 27.672916666666822 ] } },
{ "type": "Feature", "properties": { "fid": 693, "HYBAS_ID": 4120842100.0 }, "geometry": { "type": "Point", "coordinates": [ 82.968750000000284, 27.606250000000102 ] } },
{ "type": "Feature", "properties": { "fid": 694, "HYBAS_ID": 4120842240.0 }, "geometry": { "type": "Point", "coordinates": [ 82.964583333333678, 27.602083333333439 ] } },
{ "type": "Feature", "properties": { "fid": 695, "HYBAS_ID": 4120843510.0 }, "geometry": { "type": "Point", "coordinates": [ 82.993750000000205, 27.560416666666811 ] } },
{ "type": "Feature", "properties": { "fid": 696, "HYBAS_ID": 4120843770.0000005 }, "geometry": { "type": "Point", "coordinates": [ 82.997916666666868, 27.552083333333371 ] } },
{ "type": "Feature", "properties": { "fid": 697, "HYBAS_ID": 4121469420.0 }, "geometry": { "type": "Point", "coordinates": [ 82.822916666666913, 27.543750000000159 ] } },
{ "type": "Feature", "properties": { "fid": 698, "HYBAS_ID": 4120847330.0 }, "geometry": { "type": "Point", "coordinates": [ 83.227083333333667, 27.431250000000148 ] } },
{ "type": "Feature", "properties": { "fid": 699, "HYBAS_ID": 4120847340.0 }, "geometry": { "type": "Point", "coordinates": [ 83.231250000000273, 27.431250000000148 ] } },
{ "type": "Feature", "properties": { "fid": 700, "HYBAS_ID": 4120812890.0000005 }, "geometry": { "type": "Point", "coordinates": [ 84.256250000000193, 28.547916666666765 ] } },
{ "type": "Feature", "properties": { "fid": 701, "HYBAS_ID": 4120813060.0000005 }, "geometry": { "type": "Point", "coordinates": [ 84.256250000000193, 28.543750000000102 ] } },
{ "type": "Feature", "properties": { "fid": 702, "HYBAS_ID": 4121456750.0 }, "geometry": { "type": "Point", "coordinates": [ 84.01458333333369, 28.49375 ] } },
{ "type": "Feature", "properties": { "fid": 703, "HYBAS_ID": 4121457010.0 }, "geometry": { "type": "Point", "coordinates": [ 83.872916666666924, 28.47291666666672 ] } },
{ "type": "Feature", "properties": { "fid": 704, "HYBAS_ID": 4121457780.0 }, "geometry": { "type": "Point", "coordinates": [ 84.118750000000261, 28.41875 ] } },
{ "type": "Feature", "properties": { "fid": 705, "HYBAS_ID": 4121458139.9999995 }, "geometry": { "type": "Point", "coordinates": [ 83.98125000000033, 28.397916666666731 ] } },
{ "type": "Feature", "properties": { "fid": 706, "HYBAS_ID": 4121458290.0 }, "geometry": { "type": "Point", "coordinates": [ 83.822916666666913, 28.385416666666856 ] } },
{ "type": "Feature", "properties": { "fid": 707, "HYBAS_ID": 4121459040.0 }, "geometry": { "type": "Point", "coordinates": [ 84.093750000000341, 28.331250000000182 ] } },
{ "type": "Feature", "properties": { "fid": 708, "HYBAS_ID": 4120820640.0 }, "geometry": { "type": "Point", "coordinates": [ 83.931250000000261, 28.297916666666765 ] } },
{ "type": "Feature", "properties": { "fid": 709, "HYBAS_ID": 4120820650.0 }, "geometry": { "type": "Point", "coordinates": [ 83.93958333333353, 28.297916666666765 ] } },
{ "type": "Feature", "properties": { "fid": 710, "HYBAS_ID": 4121459640.0 }, "geometry": { "type": "Point", "coordinates": [ 83.756250000000307, 28.289583333333383 ] } },
{ "type": "Feature", "properties": { "fid": 711, "HYBAS_ID": 4120823860.0 }, "geometry": { "type": "Point", "coordinates": [ 84.19375000000025, 28.202083333333462 ] } },
{ "type": "Feature", "properties": { "fid": 712, "HYBAS_ID": 4120823990.0 }, "geometry": { "type": "Point", "coordinates": [ 84.197916666666913, 28.197916666666856 ] } },
{ "type": "Feature", "properties": { "fid": 713, "HYBAS_ID": 4120824520.0 }, "geometry": { "type": "Point", "coordinates": [ 83.989583333333599, 28.181250000000148 ] } },
{ "type": "Feature", "properties": { "fid": 714, "HYBAS_ID": 4120824790.0 }, "geometry": { "type": "Point", "coordinates": [ 83.989583333333599, 28.172916666666708 ] } },
{ "type": "Feature", "properties": { "fid": 715, "HYBAS_ID": 4120825410.0 }, "geometry": { "type": "Point", "coordinates": [ 84.222916666667004, 28.15625 ] } },
{ "type": "Feature", "properties": { "fid": 716, "HYBAS_ID": 4120825420.0 }, "geometry": { "type": "Point", "coordinates": [ 84.227083333333667, 28.15625 ] } },
{ "type": "Feature", "properties": { "fid": 717, "HYBAS_ID": 4121461880.0 }, "geometry": { "type": "Point", "coordinates": [ 84.085416666666902, 28.122916666666868 ] } },
{ "type": "Feature", "properties": { "fid": 718, "HYBAS_ID": 4121462080.0 }, "geometry": { "type": "Point", "coordinates": [ 83.872916666666924, 28.102083333333326 ] } },
{ "type": "Feature", "properties": { "fid": 719, "HYBAS_ID": 4120839620.0000005 }, "geometry": { "type": "Point", "coordinates": [ 85.302083333333655, 27.693750000000136 ] } },
{ "type": "Feature", "properties": { "fid": 720, "HYBAS_ID": 4120839630.0 }, "geometry": { "type": "Point", "coordinates": [ 85.306250000000261, 27.693750000000136 ] } },
{ "type": "Feature", "properties": { "fid": 721, "HYBAS_ID": 4121467640.0 }, "geometry": { "type": "Point", "coordinates": [ 85.343750000000284, 27.672916666666822 ] } },
{ "type": "Feature", "properties": { "fid": 722, "HYBAS_ID": 4121471550.0 }, "geometry": { "type": "Point", "coordinates": [ 86.43958333333353, 27.377083333333417 ] } },
{ "type": "Feature", "properties": { "fid": 723, "HYBAS_ID": 4120849530.0000005 }, "geometry": { "type": "Point", "coordinates": [ 86.677083333333599, 27.364583333333371 ] } },
{ "type": "Feature", "properties": { "fid": 724, "HYBAS_ID": 4120849540.0000005 }, "geometry": { "type": "Point", "coordinates": [ 86.681250000000261, 27.364583333333371 ] } },
{ "type": "Feature", "properties": { "fid": 725, "HYBAS_ID": 4120850850.0 }, "geometry": { "type": "Point", "coordinates": [ 86.768750000000296, 27.327083333333405 ] } },
{ "type": "Feature", "properties": { "fid": 726, "HYBAS_ID": 4120850980.0000005 }, "geometry": { "type": "Point", "coordinates": [ 86.768750000000296, 27.322916666666742 ] } },
{ "type": "Feature", "properties": { "fid": 727, "HYBAS_ID": 4121472460.0 }, "geometry": { "type": "Point", "coordinates": [ 86.443750000000193, 27.297916666666822 ] } },
{ "type": "Feature", "properties": { "fid": 728, "HYBAS_ID": 4120852620.0 }, "geometry": { "type": "Point", "coordinates": [ 86.668750000000216, 27.277083333333508 ] } },
{ "type": "Feature", "properties": { "fid": 729, "HYBAS_ID": 4120852770.0 }, "geometry": { "type": "Point", "coordinates": [ 86.677083333333599, 27.272916666666674 ] } },
{ "type": "Feature", "properties": { "fid": 730, "HYBAS_ID": 4120852890.0000005 }, "geometry": { "type": "Point", "coordinates": [ 86.652083333333678, 27.26875 ] } },
{ "type": "Feature", "properties": { "fid": 731, "HYBAS_ID": 4120853040.0000005 }, "geometry": { "type": "Point", "coordinates": [ 86.656250000000284, 27.264583333333462 ] } },
{ "type": "Feature", "properties": { "fid": 732, "HYBAS_ID": 4121474230.0 }, "geometry": { "type": "Point", "coordinates": [ 86.806250000000318, 27.160416666666663 ] } },
{ "type": "Feature", "properties": { "fid": 733, "HYBAS_ID": 4120856930.0 }, "geometry": { "type": "Point", "coordinates": [ 86.431250000000318, 27.147916666666788 ] } },
{ "type": "Feature", "properties": { "fid": 734, "HYBAS_ID": 4120856940.0 }, "geometry": { "type": "Point", "coordinates": [ 86.435416666666924, 27.147916666666788 ] } },
{ "type": "Feature", "properties": { "fid": 735, "HYBAS_ID": 4121474500.0000005 }, "geometry": { "type": "Point", "coordinates": [ 86.622916666666924, 27.139583333333348 ] } },
{ "type": "Feature", "properties": { "fid": 736, "HYBAS_ID": 4121474870.0 }, "geometry": { "type": "Point", "coordinates": [ 86.518750000000352, 27.11875 ] } },
{ "type": "Feature", "properties": { "fid": 737, "HYBAS_ID": 4120858410.0 }, "geometry": { "type": "Point", "coordinates": [ 86.697916666666913, 27.093750000000114 ] } },
{ "type": "Feature", "properties": { "fid": 738, "HYBAS_ID": 4120858530.0 }, "geometry": { "type": "Point", "coordinates": [ 86.702083333333576, 27.089583333333508 ] } },
{ "type": "Feature", "properties": { "fid": 739, "HYBAS_ID": 4120861050.0000005 }, "geometry": { "type": "Point", "coordinates": [ 86.747916666666981, 27.014583333333462 ] } },
{ "type": "Feature", "properties": { "fid": 740, "HYBAS_ID": 4120861240.0 }, "geometry": { "type": "Point", "coordinates": [ 86.747916666666981, 27.00625 ] } },
{ "type": "Feature", "properties": { "fid": 741, "HYBAS_ID": 4120861870.0 }, "geometry": { "type": "Point", "coordinates": [ 86.75625000000025, 26.981250000000102 ] } },
{ "type": "Feature", "properties": { "fid": 742, "HYBAS_ID": 4120862020.0000005 }, "geometry": { "type": "Point", "coordinates": [ 86.760416666666856, 26.977083333333496 ] } },
{ "type": "Feature", "properties": { "fid": 743, "HYBAS_ID": 4120843950.0 }, "geometry": { "type": "Point", "coordinates": [ 85.239583333333485, 27.547916666666765 ] } },
{ "type": "Feature", "properties": { "fid": 744, "HYBAS_ID": 4120845740.0 }, "geometry": { "type": "Point", "coordinates": [ 85.247916666666924, 27.477083333333383 ] } },
{ "type": "Feature", "properties": { "fid": 745, "HYBAS_ID": 4120845979.9999995 }, "geometry": { "type": "Point", "coordinates": [ 85.256250000000193, 27.472916666666777 ] } },
{ "type": "Feature", "properties": { "fid": 746, "HYBAS_ID": 4120816270.0 }, "geometry": { "type": "Point", "coordinates": [ 84.397916666666958, 28.435416666666754 ] } },
{ "type": "Feature", "properties": { "fid": 747, "HYBAS_ID": 4120816500.0 }, "geometry": { "type": "Point", "coordinates": [ 84.402083333333621, 28.43125 ] } },
{ "type": "Feature", "properties": { "fid": 748, "HYBAS_ID": 4120819770.0000005 }, "geometry": { "type": "Point", "coordinates": [ 84.397916666666958, 28.327083333333519 ] } },
{ "type": "Feature", "properties": { "fid": 749, "HYBAS_ID": 4120819930.0000005 }, "geometry": { "type": "Point", "coordinates": [ 84.406250000000227, 28.322916666666742 ] } },
{ "type": "Feature", "properties": { "fid": 750, "HYBAS_ID": 4120821150.0 }, "geometry": { "type": "Point", "coordinates": [ 84.360416666666993, 28.28541666666672 ] } },
{ "type": "Feature", "properties": { "fid": 751, "HYBAS_ID": 4120821270.0 }, "geometry": { "type": "Point", "coordinates": [ 84.35625000000033, 28.281250000000114 ] } },
{ "type": "Feature", "properties": { "fid": 752, "HYBAS_ID": 4120865520.0000005 }, "geometry": { "type": "Point", "coordinates": [ 85.76458333333369, 26.86875 ] } },
{ "type": "Feature", "properties": { "fid": 753, "HYBAS_ID": 4120865530.0000005 }, "geometry": { "type": "Point", "coordinates": [ 85.768750000000352, 26.86875 ] } },
{ "type": "Feature", "properties": { "fid": 754, "HYBAS_ID": 4121478789.9999995 }, "geometry": { "type": "Point", "coordinates": [ 85.843750000000341, 26.839583333333337 ] } },
{ "type": "Feature", "properties": { "fid": 755, "HYBAS_ID": 4120868640.0 }, "geometry": { "type": "Point", "coordinates": [ 85.839583333333508, 26.75625 ] } },
{ "type": "Feature", "properties": { "fid": 756, "HYBAS_ID": 4120868780.0 }, "geometry": { "type": "Point", "coordinates": [ 85.843750000000341, 26.752083333333474 ] } },
{ "type": "Feature", "properties": { "fid": 757, "HYBAS_ID": 4121468730.0000005 }, "geometry": { "type": "Point", "coordinates": [ 84.918750000000159, 27.585416666666788 ] } },
{ "type": "Feature", "properties": { "fid": 758, "HYBAS_ID": 4121468950.0 }, "geometry": { "type": "Point", "coordinates": [ 84.881250000000193, 27.572916666666686 ] } },
{ "type": "Feature", "properties": { "fid": 759, "HYBAS_ID": 4120843940.0000005 }, "geometry": { "type": "Point", "coordinates": [ 85.231250000000273, 27.547916666666765 ] } },
{ "type": "Feature", "properties": { "fid": 760, "HYBAS_ID": 4120844400.0000005 }, "geometry": { "type": "Point", "coordinates": [ 84.802083333333542, 27.522916666666845 ] } },
{ "type": "Feature", "properties": { "fid": 761, "HYBAS_ID": 4120844559.9999995 }, "geometry": { "type": "Point", "coordinates": [ 84.802083333333542, 27.518750000000182 ] } },
{ "type": "Feature", "properties": { "fid": 762, "HYBAS_ID": 4120846350.0 }, "geometry": { "type": "Point", "coordinates": [ 85.03958333333361, 27.460416666666674 ] } },
{ "type": "Feature", "properties": { "fid": 763, "HYBAS_ID": 4120846520.0 }, "geometry": { "type": "Point", "coordinates": [ 85.043750000000273, 27.45625 ] } },
{ "type": "Feature", "properties": { "fid": 764, "HYBAS_ID": 4120847470.0 }, "geometry": { "type": "Point", "coordinates": [ 85.01458333333369, 27.427083333333485 ] } },
{ "type": "Feature", "properties": { "fid": 765, "HYBAS_ID": 4120847770.0000005 }, "geometry": { "type": "Point", "coordinates": [ 85.01458333333369, 27.41875 ] } },
{ "type": "Feature", "properties": { "fid": 766, "HYBAS_ID": 4120850660.0000005 }, "geometry": { "type": "Point", "coordinates": [ 85.422916666666879, 27.331250000000182 ] } },
{ "type": "Feature", "properties": { "fid": 767, "HYBAS_ID": 4120850840.0 }, "geometry": { "type": "Point", "coordinates": [ 85.41458333333361, 27.327083333333405 ] } },
{ "type": "Feature", "properties": { "fid": 768, "HYBAS_ID": 4120854469.9999995 }, "geometry": { "type": "Point", "coordinates": [ 85.493750000000261, 27.222916666666833 ] } },
{ "type": "Feature", "properties": { "fid": 769, "HYBAS_ID": 4120854629.9999995 }, "geometry": { "type": "Point", "coordinates": [ 85.50208333333353, 27.218750000000171 ] } },
{ "type": "Feature", "properties": { "fid": 770, "HYBAS_ID": 4121473600.0 }, "geometry": { "type": "Point", "coordinates": [ 84.772916666666958, 27.210416666666731 ] } },
{ "type": "Feature", "properties": { "fid": 771, "HYBAS_ID": 4120855980.0 }, "geometry": { "type": "Point", "coordinates": [ 85.50208333333353, 27.177083333333371 ] } },
{ "type": "Feature", "properties": { "fid": 772, "HYBAS_ID": 4120856110.0 }, "geometry": { "type": "Point", "coordinates": [ 85.497916666666868, 27.172916666666765 ] } },
{ "type": "Feature", "properties": { "fid": 773, "HYBAS_ID": 4120856360.0 }, "geometry": { "type": "Point", "coordinates": [ 84.847916666667004, 27.164583333333496 ] } },
{ "type": "Feature", "properties": { "fid": 774, "HYBAS_ID": 4120801999.9999995 }, "geometry": { "type": "Point", "coordinates": [ 83.797916666666936, 28.885416666666742 ] } },
{ "type": "Feature", "properties": { "fid": 775, "HYBAS_ID": 4121452800.0 }, "geometry": { "type": "Point", "coordinates": [ 84.156250000000284, 28.789583333333439 ] } },
{ "type": "Feature", "properties": { "fid": 776, "HYBAS_ID": 4120805380.0000005 }, "geometry": { "type": "Point", "coordinates": [ 84.277083333333508, 28.781250000000171 ] } },
{ "type": "Feature", "properties": { "fid": 777, "HYBAS_ID": 4120805390.0 }, "geometry": { "type": "Point", "coordinates": [ 84.281250000000341, 28.781250000000171 ] } },
{ "type": "Feature", "properties": { "fid": 778, "HYBAS_ID": 4120809019.9999995 }, "geometry": { "type": "Point", "coordinates": [ 84.002083333333644, 28.672916666666822 ] } },
{ "type": "Feature", "properties": { "fid": 779, "HYBAS_ID": 4120809029.9999995 }, "geometry": { "type": "Point", "coordinates": [ 84.227083333333667, 28.672916666666822 ] } },
{ "type": "Feature", "properties": { "fid": 780, "HYBAS_ID": 4120809039.9999995 }, "geometry": { "type": "Point", "coordinates": [ 84.231250000000273, 28.672916666666822 ] } },
{ "type": "Feature", "properties": { "fid": 781, "HYBAS_ID": 4120809170.0 }, "geometry": { "type": "Point", "coordinates": [ 83.997916666666811, 28.668750000000159 ] } },
{ "type": "Feature", "properties": { "fid": 782, "HYBAS_ID": 4121454610.0 }, "geometry": { "type": "Point", "coordinates": [ 84.068750000000193, 28.647916666666845 ] } },
{ "type": "Feature", "properties": { "fid": 783, "HYBAS_ID": 4121455010.0 }, "geometry": { "type": "Point", "coordinates": [ 84.143750000000239, 28.61875 ] } },
{ "type": "Feature", "properties": { "fid": 784, "HYBAS_ID": 4120811560.0 }, "geometry": { "type": "Point", "coordinates": [ 84.418750000000273, 28.593750000000171 ] } },
{ "type": "Feature", "properties": { "fid": 785, "HYBAS_ID": 4120814139.9999995 }, "geometry": { "type": "Point", "coordinates": [ 84.368750000000205, 28.514583333333348 ] } },
{ "type": "Feature", "properties": { "fid": 786, "HYBAS_ID": 4120814149.9999995 }, "geometry": { "type": "Point", "coordinates": [ 84.372916666666868, 28.514583333333348 ] } },
{ "type": "Feature", "properties": { "fid": 787, "HYBAS_ID": 4120871960.0 }, "geometry": { "type": "Point", "coordinates": [ 87.306250000000205, 26.635416666666856 ] } },
{ "type": "Feature", "properties": { "fid": 788, "HYBAS_ID": 4120872110.0 }, "geometry": { "type": "Point", "coordinates": [ 87.297916666666936, 26.63125 ] } },
{ "type": "Feature", "properties": { "fid": 789, "HYBAS_ID": 4121482220.0 }, "geometry": { "type": "Point", "coordinates": [ 87.393750000000296, 26.572916666666742 ] } },
{ "type": "Feature", "properties": { "fid": 790, "HYBAS_ID": 4121483180.0 }, "geometry": { "type": "Point", "coordinates": [ 87.585416666666902, 26.497916666666697 ] } },
{ "type": "Feature", "properties": { "fid": 791, "HYBAS_ID": 4120877220.0000005 }, "geometry": { "type": "Point", "coordinates": [ 87.48125000000033, 26.477083333333383 ] } },
{ "type": "Feature", "properties": { "fid": 792, "HYBAS_ID": 4120877370.0000005 }, "geometry": { "type": "Point", "coordinates": [ 87.48125000000033, 26.472916666666777 ] } },
{ "type": "Feature", "properties": { "fid": 793, "HYBAS_ID": 4120878060.0 }, "geometry": { "type": "Point", "coordinates": [ 87.335416666666958, 26.447916666666856 ] } },
{ "type": "Feature", "properties": { "fid": 794, "HYBAS_ID": 4120878280.0 }, "geometry": { "type": "Point", "coordinates": [ 87.32708333333369, 26.443750000000193 ] } },
{ "type": "Feature", "properties": { "fid": 795, "HYBAS_ID": 4120772239.9999995 }, "geometry": { "type": "Point", "coordinates": [ 82.53958333333361, 29.797916666666822 ] } },
{ "type": "Feature", "properties": { "fid": 796, "HYBAS_ID": 4120772320.0 }, "geometry": { "type": "Point", "coordinates": [ 82.543750000000216, 29.79375 ] } },
{ "type": "Feature", "properties": { "fid": 797, "HYBAS_ID": 4120778650.0000005 }, "geometry": { "type": "Point", "coordinates": [ 82.293750000000273, 29.597916666666777 ] } },
{ "type": "Feature", "properties": { "fid": 798, "HYBAS_ID": 4121442560.0 }, "geometry": { "type": "Point", "coordinates": [ 82.027083333333621, 29.593750000000171 ] } },
{ "type": "Feature", "properties": { "fid": 799, "HYBAS_ID": 4120778800.0000005 }, "geometry": { "type": "Point", "coordinates": [ 82.297916666666879, 29.593750000000171 ] } },
{ "type": "Feature", "properties": { "fid": 800, "HYBAS_ID": 4120780030.0 }, "geometry": { "type": "Point", "coordinates": [ 82.177083333333655, 29.552083333333371 ] } },
{ "type": "Feature", "properties": { "fid": 801, "HYBAS_ID": 4120780210.0 }, "geometry": { "type": "Point", "coordinates": [ 82.168750000000216, 29.547916666666879 ] } },
{ "type": "Feature", "properties": { "fid": 802, "HYBAS_ID": 4120791700.0 }, "geometry": { "type": "Point", "coordinates": [ 83.968750000000284, 29.193750000000193 ] } },
{ "type": "Feature", "properties": { "fid": 803, "HYBAS_ID": 4120791909.9999995 }, "geometry": { "type": "Point", "coordinates": [ 83.968750000000284, 29.189583333333417 ] } },
{ "type": "Feature", "properties": { "fid": 804, "HYBAS_ID": 4121447620.0000005 }, "geometry": { "type": "Point", "coordinates": [ 83.802083333333599, 29.185416666666754 ] } },
{ "type": "Feature", "properties": { "fid": 805, "HYBAS_ID": 4120792719.9999995 }, "geometry": { "type": "Point", "coordinates": [ 83.997916666666811, 29.164583333333439 ] } },
{ "type": "Feature", "properties": { "fid": 806, "HYBAS_ID": 4120792820.0 }, "geometry": { "type": "Point", "coordinates": [ 84.00625000000025, 29.160416666666833 ] } },
{ "type": "Feature", "properties": { "fid": 807, "HYBAS_ID": 4120795589.9999995 }, "geometry": { "type": "Point", "coordinates": [ 83.943750000000307, 29.077083333333405 ] } },
{ "type": "Feature", "properties": { "fid": 808, "HYBAS_ID": 4120795599.9999995 }, "geometry": { "type": "Point", "coordinates": [ 83.94791666666697, 29.077083333333405 ] } },
{ "type": "Feature", "properties": { "fid": 809, "HYBAS_ID": 4120795710.0 }, "geometry": { "type": "Point", "coordinates": [ 83.94791666666697, 29.072916666666742 ] } },
{ "type": "Feature", "properties": { "fid": 810, "HYBAS_ID": 4121449290.0 }, "geometry": { "type": "Point", "coordinates": [ 83.81875000000025, 29.068750000000136 ] } },
{ "type": "Feature", "properties": { "fid": 811, "HYBAS_ID": 4120797189.9999995 }, "geometry": { "type": "Point", "coordinates": [ 83.914583333333553, 29.027083333333508 ] } },
{ "type": "Feature", "properties": { "fid": 812, "HYBAS_ID": 4120797430.0 }, "geometry": { "type": "Point", "coordinates": [ 83.906250000000341, 29.022916666666674 ] } },
{ "type": "Feature", "properties": { "fid": 813, "HYBAS_ID": 4120797440.0 }, "geometry": { "type": "Point", "coordinates": [ 83.910416666666947, 29.022916666666674 ] } },
{ "type": "Feature", "properties": { "fid": 814, "HYBAS_ID": 4120797450.0 }, "geometry": { "type": "Point", "coordinates": [ 83.914583333333553, 29.022916666666674 ] } },
{ "type": "Feature", "properties": { "fid": 815, "HYBAS_ID": 4120797950.0 }, "geometry": { "type": "Point", "coordinates": [ 83.943750000000307, 29.006250000000193 ] } },
{ "type": "Feature", "properties": { "fid": 816, "HYBAS_ID": 4120797960.0 }, "geometry": { "type": "Point", "coordinates": [ 83.94791666666697, 29.006250000000193 ] } },
{ "type": "Feature", "properties": { "fid": 817, "HYBAS_ID": 4121450270.0 }, "geometry": { "type": "Point", "coordinates": [ 84.118750000000261, 28.985416666666879 ] } },
{ "type": "Feature", "properties": { "fid": 818, "HYBAS_ID": 4120800670.0 }, "geometry": { "type": "Point", "coordinates": [ 83.822916666666913, 28.922916666666765 ] } },
{ "type": "Feature", "properties": { "fid": 819, "HYBAS_ID": 4120800869.9999995 }, "geometry": { "type": "Point", "coordinates": [ 83.822916666666913, 28.918750000000102 ] } },
{ "type": "Feature", "properties": { "fid": 820, "HYBAS_ID": 4120802100.0 }, "geometry": { "type": "Point", "coordinates": [ 83.789583333333496, 28.881250000000136 ] } },
{ "type": "Feature", "properties": { "fid": 821, "HYBAS_ID": 4121452480.0 }, "geometry": { "type": "Point", "coordinates": [ 83.764583333333576, 28.810416666666754 ] } },
{ "type": "Feature", "properties": { "fid": 822, "HYBAS_ID": 4121453010.0 }, "geometry": { "type": "Point", "coordinates": [ 83.714583333333678, 28.772916666666731 ] } },
{ "type": "Feature", "properties": { "fid": 823, "HYBAS_ID": 4121453280.0 }, "geometry": { "type": "Point", "coordinates": [ 83.693750000000193, 28.752083333333417 ] } },
{ "type": "Feature", "properties": { "fid": 824, "HYBAS_ID": 4121453800.0 }, "geometry": { "type": "Point", "coordinates": [ 83.643750000000296, 28.706250000000182 ] } },
{ "type": "Feature", "properties": { "fid": 825, "HYBAS_ID": 4120813290.0 }, "geometry": { "type": "Point", "coordinates": [ 83.677083333333485, 28.539583333333496 ] } },
{ "type": "Feature", "properties": { "fid": 826, "HYBAS_ID": 4120813390.0 }, "geometry": { "type": "Point", "coordinates": [ 83.681250000000318, 28.535416666666663 ] } },
{ "type": "Feature", "properties": { "fid": 827, "HYBAS_ID": 4121467980.0 }, "geometry": { "type": "Point", "coordinates": [ 83.864583333333542, 27.652083333333508 ] } },
{ "type": "Feature", "properties": { "fid": 828, "HYBAS_ID": 4121469490.0 }, "geometry": { "type": "Point", "coordinates": [ 83.614583333333542, 27.53541666666672 ] } },
{ "type": "Feature", "properties": { "fid": 829, "HYBAS_ID": 4121470960.0000005 }, "geometry": { "type": "Point", "coordinates": [ 83.743750000000261, 27.41875 ] } },
{ "type": "Feature", "properties": { "fid": 830, "HYBAS_ID": 4121471290.0000005 }, "geometry": { "type": "Point", "coordinates": [ 83.85208333333361, 27.393750000000125 ] } },
{ "type": "Feature", "properties": { "fid": 831, "HYBAS_ID": 4121464600.0 }, "geometry": { "type": "Point", "coordinates": [ 85.385416666666913, 27.922916666666765 ] } },
{ "type": "Feature", "properties": { "fid": 832, "HYBAS_ID": 4121470010.0000005 }, "geometry": { "type": "Point", "coordinates": [ 86.57708333333369, 27.497916666666868 ] } },
{ "type": "Feature", "properties": { "fid": 833, "HYBAS_ID": 4121470580.0 }, "geometry": { "type": "Point", "coordinates": [ 86.56875000000025, 27.447916666666799 ] } },
{ "type": "Feature", "properties": { "fid": 834, "HYBAS_ID": 4121471240.0 }, "geometry": { "type": "Point", "coordinates": [ 86.231250000000216, 27.397916666666731 ] } },
{ "type": "Feature", "properties": { "fid": 835, "HYBAS_ID": 4121472410.0000005 }, "geometry": { "type": "Point", "coordinates": [ 86.239583333333655, 27.302083333333428 ] } },
{ "type": "Feature", "properties": { "fid": 836, "HYBAS_ID": 4120853380.0000005 }, "geometry": { "type": "Point", "coordinates": [ 86.206250000000296, 27.256250000000193 ] } },
{ "type": "Feature", "properties": { "fid": 837, "HYBAS_ID": 4120855340.0 }, "geometry": { "type": "Point", "coordinates": [ 86.38125000000025, 27.197916666666856 ] } },
{ "type": "Feature", "properties": { "fid": 838, "HYBAS_ID": 4120855490.0 }, "geometry": { "type": "Point", "coordinates": [ 86.372916666666981, 27.19375 ] } },
{ "type": "Feature", "properties": { "fid": 839, "HYBAS_ID": 4121464760.0 }, "geometry": { "type": "Point", "coordinates": [ 83.63125000000025, 27.91041666666672 ] } },
{ "type": "Feature", "properties": { "fid": 840, "HYBAS_ID": 4121464910.0 }, "geometry": { "type": "Point", "coordinates": [ 83.739583333333655, 27.902083333333451 ] } },
{ "type": "Feature", "properties": { "fid": 841, "HYBAS_ID": 4120832620.0 }, "geometry": { "type": "Point", "coordinates": [ 83.872916666666924, 27.89375 ] } },
{ "type": "Feature", "properties": { "fid": 842, "HYBAS_ID": 4120832780.0 }, "geometry": { "type": "Point", "coordinates": [ 83.872916666666924, 27.885416666666799 ] } },
{ "type": "Feature", "properties": { "fid": 843, "HYBAS_ID": 4120832910.0 }, "geometry": { "type": "Point", "coordinates": [ 83.93958333333353, 27.881250000000136 ] } },
{ "type": "Feature", "properties": { "fid": 844, "HYBAS_ID": 4121466250.0 }, "geometry": { "type": "Point", "coordinates": [ 83.547916666666993, 27.793750000000102 ] } },
{ "type": "Feature", "properties": { "fid": 845, "HYBAS_ID": 4120837690.0000005 }, "geometry": { "type": "Point", "coordinates": [ 83.460416666666958, 27.747916666666811 ] } },
{ "type": "Feature", "properties": { "fid": 846, "HYBAS_ID": 4120837700.0000005 }, "geometry": { "type": "Point", "coordinates": [ 83.468750000000171, 27.747916666666811 ] } },
{ "type": "Feature", "properties": { "fid": 847, "HYBAS_ID": 4120848869.9999995 }, "geometry": { "type": "Point", "coordinates": [ 87.62708333333353, 27.38125 ] } },
{ "type": "Feature", "properties": { "fid": 848, "HYBAS_ID": 4120849000.0 }, "geometry": { "type": "Point", "coordinates": [ 87.631250000000193, 27.377083333333417 ] } },
{ "type": "Feature", "properties": { "fid": 849, "HYBAS_ID": 4120849150.0 }, "geometry": { "type": "Point", "coordinates": [ 87.622916666666924, 27.372916666666811 ] } },
{ "type": "Feature", "properties": { "fid": 850, "HYBAS_ID": 4120849339.9999995 }, "geometry": { "type": "Point", "coordinates": [ 87.618750000000261, 27.368750000000205 ] } },
{ "type": "Feature", "properties": { "fid": 851, "HYBAS_ID": 4120849550.0 }, "geometry": { "type": "Point", "coordinates": [ 87.860416666666993, 27.364583333333371 ] } },
{ "type": "Feature", "properties": { "fid": 852, "HYBAS_ID": 4120849560.0 }, "geometry": { "type": "Point", "coordinates": [ 87.864583333333599, 27.364583333333371 ] } },
{ "type": "Feature", "properties": { "fid": 853, "HYBAS_ID": 4120852050.0 }, "geometry": { "type": "Point", "coordinates": [ 87.693750000000307, 27.29375 ] } },
{ "type": "Feature", "properties": { "fid": 854, "HYBAS_ID": 4120852180.0 }, "geometry": { "type": "Point", "coordinates": [ 87.697916666666913, 27.289583333333383 ] } },
{ "type": "Feature", "properties": { "fid": 855, "HYBAS_ID": 4120852190.0 }, "geometry": { "type": "Point", "coordinates": [ 87.835416666666845, 27.289583333333383 ] } },
{ "type": "Feature", "properties": { "fid": 856, "HYBAS_ID": 4120852379.9999995 }, "geometry": { "type": "Point", "coordinates": [ 87.760416666667027, 27.285416666666777 ] } },
{ "type": "Feature", "properties": { "fid": 857, "HYBAS_ID": 4120852389.9999995 }, "geometry": { "type": "Point", "coordinates": [ 87.835416666666845, 27.285416666666777 ] } },
{ "type": "Feature", "properties": { "fid": 858, "HYBAS_ID": 4120852470.0 }, "geometry": { "type": "Point", "coordinates": [ 87.76458333333369, 27.281250000000114 ] } },
{ "type": "Feature", "properties": { "fid": 859, "HYBAS_ID": 4121472709.9999995 }, "geometry": { "type": "Point", "coordinates": [ 87.935416666666981, 27.281250000000114 ] } },
{ "type": "Feature", "properties": { "fid": 860, "HYBAS_ID": 4120856370.0 }, "geometry": { "type": "Point", "coordinates": [ 87.772916666666902, 27.164583333333496 ] } },
{ "type": "Feature", "properties": { "fid": 861, "HYBAS_ID": 4120856480.0 }, "geometry": { "type": "Point", "coordinates": [ 87.710416666666958, 27.160416666666663 ] } },
{ "type": "Feature", "properties": { "fid": 862, "HYBAS_ID": 4120856490.0 }, "geometry": { "type": "Point", "coordinates": [ 87.768750000000296, 27.160416666666663 ] } },
{ "type": "Feature", "properties": { "fid": 863, "HYBAS_ID": 4120856690.0 }, "geometry": { "type": "Point", "coordinates": [ 87.714583333333621, 27.15625 ] } },
{ "type": "Feature", "properties": { "fid": 864, "HYBAS_ID": 4120857039.9999995 }, "geometry": { "type": "Point", "coordinates": [ 87.693750000000307, 27.143750000000182 ] } },
{ "type": "Feature", "properties": { "fid": 865, "HYBAS_ID": 4120857120.0 }, "geometry": { "type": "Point", "coordinates": [ 87.689583333333644, 27.139583333333348 ] } },
{ "type": "Feature", "properties": { "fid": 866, "HYBAS_ID": 4120857230.0 }, "geometry": { "type": "Point", "coordinates": [ 87.643750000000239, 27.135416666666742 ] } },
{ "type": "Feature", "properties": { "fid": 867, "HYBAS_ID": 4120857359.9999995 }, "geometry": { "type": "Point", "coordinates": [ 87.647916666667015, 27.131250000000136 ] } },
{ "type": "Feature", "properties": { "fid": 868, "HYBAS_ID": 4120857840.0000005 }, "geometry": { "type": "Point", "coordinates": [ 87.606250000000216, 27.114583333333428 ] } },
{ "type": "Feature", "properties": { "fid": 869, "HYBAS_ID": 4120857850.0000005 }, "geometry": { "type": "Point", "coordinates": [ 87.614583333333655, 27.114583333333428 ] } },
{ "type": "Feature", "properties": { "fid": 870, "HYBAS_ID": 4120823800.0 }, "geometry": { "type": "Point", "coordinates": [ 83.677083333333485, 28.206250000000125 ] } },
{ "type": "Feature", "properties": { "fid": 871, "HYBAS_ID": 4121463109.9999995 }, "geometry": { "type": "Point", "coordinates": [ 83.777083333333621, 28.031250000000171 ] } },
{ "type": "Feature", "properties": { "fid": 872, "HYBAS_ID": 4120829530.0000005 }, "geometry": { "type": "Point", "coordinates": [ 83.610416666666936, 28.014583333333462 ] } },
{ "type": "Feature", "properties": { "fid": 873, "HYBAS_ID": 4120856470.0 }, "geometry": { "type": "Point", "coordinates": [ 84.85208333333361, 27.160416666666663 ] } },
{ "type": "Feature", "properties": { "fid": 874, "HYBAS_ID": 4120819210.0 }, "geometry": { "type": "Point", "coordinates": [ 82.59791666666689, 28.34375 ] } },
{ "type": "Feature", "properties": { "fid": 875, "HYBAS_ID": 4120819360.0 }, "geometry": { "type": "Point", "coordinates": [ 82.60625000000033, 28.339583333333394 ] } },
{ "type": "Feature", "properties": { "fid": 876, "HYBAS_ID": 4121466600.0 }, "geometry": { "type": "Point", "coordinates": [ 85.881250000000136, 27.764583333333519 ] } },
{ "type": "Feature", "properties": { "fid": 877, "HYBAS_ID": 4120848859.9999995 }, "geometry": { "type": "Point", "coordinates": [ 86.031250000000341, 27.38125 ] } },
{ "type": "Feature", "properties": { "fid": 878, "HYBAS_ID": 4120848990.0 }, "geometry": { "type": "Point", "coordinates": [ 86.035416666666947, 27.377083333333417 ] } },
{ "type": "Feature", "properties": { "fid": 879, "HYBAS_ID": 4120849829.9999995 }, "geometry": { "type": "Point", "coordinates": [ 85.977083333333667, 27.356250000000102 ] } },
{ "type": "Feature", "properties": { "fid": 880, "HYBAS_ID": 4120850030.0 }, "geometry": { "type": "Point", "coordinates": [ 85.985416666666936, 27.352083333333496 ] } },
{ "type": "Feature", "properties": { "fid": 881, "HYBAS_ID": 4121472900.0000005 }, "geometry": { "type": "Point", "coordinates": [ 86.10625000000033, 27.26875 ] } },
{ "type": "Feature", "properties": { "fid": 882, "HYBAS_ID": 4121473010.0 }, "geometry": { "type": "Point", "coordinates": [ 85.868750000000261, 27.256250000000193 ] } },
{ "type": "Feature", "properties": { "fid": 883, "HYBAS_ID": 4120853530.0000005 }, "geometry": { "type": "Point", "coordinates": [ 86.20208333333369, 27.25208333333336 ] } },
{ "type": "Feature", "properties": { "fid": 884, "HYBAS_ID": 4120819630.0 }, "geometry": { "type": "Point", "coordinates": [ 85.497916666666868, 28.331250000000182 ] } },
{ "type": "Feature", "properties": { "fid": 885, "HYBAS_ID": 4120821280.0 }, "geometry": { "type": "Point", "coordinates": [ 85.372916666666811, 28.281250000000114 ] } },
{ "type": "Feature", "properties": { "fid": 886, "HYBAS_ID": 4121460650.0 }, "geometry": { "type": "Point", "coordinates": [ 85.668750000000216, 28.210416666666731 ] } },
{ "type": "Feature", "properties": { "fid": 887, "HYBAS_ID": 4121460790.0 }, "geometry": { "type": "Point", "coordinates": [ 85.585416666666958, 28.197916666666856 ] } },
{ "type": "Feature", "properties": { "fid": 888, "HYBAS_ID": 4121460850.0 }, "geometry": { "type": "Point", "coordinates": [ 85.452083333333633, 28.19375 ] } },
{ "type": "Feature", "properties": { "fid": 889, "HYBAS_ID": 4120824370.0 }, "geometry": { "type": "Point", "coordinates": [ 85.343750000000284, 28.185416666666811 ] } },
{ "type": "Feature", "properties": { "fid": 890, "HYBAS_ID": 4120824530.0 }, "geometry": { "type": "Point", "coordinates": [ 85.339583333333621, 28.181250000000148 ] } },
{ "type": "Feature", "properties": { "fid": 891, "HYBAS_ID": 4120824950.0 }, "geometry": { "type": "Point", "coordinates": [ 85.343750000000284, 28.168750000000102 ] } },
{ "type": "Feature", "properties": { "fid": 892, "HYBAS_ID": 4120825270.0 }, "geometry": { "type": "Point", "coordinates": [ 85.34791666666689, 28.160416666666833 ] } },
{ "type": "Feature", "properties": { "fid": 893, "HYBAS_ID": 4121462520.0 }, "geometry": { "type": "Point", "coordinates": [ 85.752083333333644, 28.068750000000136 ] } },
{ "type": "Feature", "properties": { "fid": 894, "HYBAS_ID": 4121463550.0 }, "geometry": { "type": "Point", "coordinates": [ 85.789583333333667, 27.997916666666754 ] } },
{ "type": "Feature", "properties": { "fid": 895, "HYBAS_ID": 4120830690.0 }, "geometry": { "type": "Point", "coordinates": [ 85.635416666666856, 27.977083333333439 ] } },
{ "type": "Feature", "properties": { "fid": 896, "HYBAS_ID": 4120830700.0 }, "geometry": { "type": "Point", "coordinates": [ 85.639583333333633, 27.977083333333439 ] } },
{ "type": "Feature", "properties": { "fid": 897, "HYBAS_ID": 4121463909.9999995 }, "geometry": { "type": "Point", "coordinates": [ 85.53541666666689, 27.972916666666833 ] } },
{ "type": "Feature", "properties": { "fid": 898, "HYBAS_ID": 4121476450.0 }, "geometry": { "type": "Point", "coordinates": [ 85.352083333333496, 27.010416666666856 ] } },
{ "type": "Feature", "properties": { "fid": 899, "HYBAS_ID": 4120864610.0 }, "geometry": { "type": "Point", "coordinates": [ 85.372916666666811, 26.902083333333508 ] } },
{ "type": "Feature", "properties": { "fid": 900, "HYBAS_ID": 4120864910.0 }, "geometry": { "type": "Point", "coordinates": [ 85.377083333333644, 26.89375 ] } },
{ "type": "Feature", "properties": { "fid": 901, "HYBAS_ID": 4121477930.0 }, "geometry": { "type": "Point", "coordinates": [ 85.497916666666868, 26.89375 ] } },
{ "type": "Feature", "properties": { "fid": 902, "HYBAS_ID": 4120865499.9999995 }, "geometry": { "type": "Point", "coordinates": [ 85.34791666666689, 26.86875 ] } },
{ "type": "Feature", "properties": { "fid": 903, "HYBAS_ID": 4120865509.9999995 }, "geometry": { "type": "Point", "coordinates": [ 85.352083333333496, 26.86875 ] } },
{ "type": "Feature", "properties": { "fid": 904, "HYBAS_ID": 4120866410.0 }, "geometry": { "type": "Point", "coordinates": [ 85.256250000000193, 26.831250000000125 ] } },
{ "type": "Feature", "properties": { "fid": 905, "HYBAS_ID": 4120866420.0 }, "geometry": { "type": "Point", "coordinates": [ 85.264583333333633, 26.831250000000125 ] } },
{ "type": "Feature", "properties": { "fid": 906, "HYBAS_ID": 4121456940.0 }, "geometry": { "type": "Point", "coordinates": [ 82.527083333333508, 28.477083333333383 ] } },
{ "type": "Feature", "properties": { "fid": 907, "HYBAS_ID": 4120817440.0 }, "geometry": { "type": "Point", "coordinates": [ 82.506250000000193, 28.402083333333337 ] } },
{ "type": "Feature", "properties": { "fid": 908, "HYBAS_ID": 4120817720.0 }, "geometry": { "type": "Point", "coordinates": [ 82.502083333333587, 28.393750000000125 ] } },
{ "type": "Feature", "properties": { "fid": 909, "HYBAS_ID": 4120818340.0000005 }, "geometry": { "type": "Point", "coordinates": [ 82.810416666666868, 28.372916666666811 ] } },
{ "type": "Feature", "properties": { "fid": 910, "HYBAS_ID": 4120818459.9999995 }, "geometry": { "type": "Point", "coordinates": [ 82.814583333333644, 28.368750000000148 ] } },
{ "type": "Feature", "properties": { "fid": 911, "HYBAS_ID": 4120821140.0 }, "geometry": { "type": "Point", "coordinates": [ 82.585416666667015, 28.28541666666672 ] } },
{ "type": "Feature", "properties": { "fid": 912, "HYBAS_ID": 4121453710.0 }, "geometry": { "type": "Point", "coordinates": [ 83.002083333333644, 28.710416666666788 ] } },
{ "type": "Feature", "properties": { "fid": 913, "HYBAS_ID": 4120808460.0 }, "geometry": { "type": "Point", "coordinates": [ 82.864583333333542, 28.685416666666868 ] } },
{ "type": "Feature", "properties": { "fid": 914, "HYBAS_ID": 4120808610.0 }, "geometry": { "type": "Point", "coordinates": [ 82.864583333333542, 28.68125 ] } },
{ "type": "Feature", "properties": { "fid": 915, "HYBAS_ID": 4120808830.0 }, "geometry": { "type": "Point", "coordinates": [ 82.693750000000193, 28.677083333333428 ] } },
{ "type": "Feature", "properties": { "fid": 916, "HYBAS_ID": 4120809010.0 }, "geometry": { "type": "Point", "coordinates": [ 82.693750000000193, 28.672916666666822 ] } },
{ "type": "Feature", "properties": { "fid": 917, "HYBAS_ID": 4120809740.0 }, "geometry": { "type": "Point", "coordinates": [ 82.935416666666924, 28.652083333333508 ] } },
{ "type": "Feature", "properties": { "fid": 918, "HYBAS_ID": 4120809900.0 }, "geometry": { "type": "Point", "coordinates": [ 82.935416666666924, 28.647916666666845 ] } },
{ "type": "Feature", "properties": { "fid": 919, "HYBAS_ID": 4120810250.0 }, "geometry": { "type": "Point", "coordinates": [ 82.627083333333644, 28.635416666666799 ] } },
{ "type": "Feature", "properties": { "fid": 920, "HYBAS_ID": 4120810260.0 }, "geometry": { "type": "Point", "coordinates": [ 82.75208333333353, 28.635416666666799 ] } },
{ "type": "Feature", "properties": { "fid": 921, "HYBAS_ID": 4121454810.0000005 }, "geometry": { "type": "Point", "coordinates": [ 83.093750000000341, 28.635416666666799 ] } },
{ "type": "Feature", "properties": { "fid": 922, "HYBAS_ID": 4120810350.0 }, "geometry": { "type": "Point", "coordinates": [ 82.75208333333353, 28.631250000000193 ] } },
{ "type": "Feature", "properties": { "fid": 923, "HYBAS_ID": 4120810469.9999995 }, "geometry": { "type": "Point", "coordinates": [ 82.627083333333644, 28.62708333333353 ] } },
{ "type": "Feature", "properties": { "fid": 924, "HYBAS_ID": 4120812239.9999995 }, "geometry": { "type": "Point", "coordinates": [ 82.652083333333564, 28.56875 ] } },
{ "type": "Feature", "properties": { "fid": 925, "HYBAS_ID": 4120812400.0000005 }, "geometry": { "type": "Point", "coordinates": [ 82.647916666666958, 28.564583333333417 ] } },
{ "type": "Feature", "properties": { "fid": 926, "HYBAS_ID": 4121468389.9999995 }, "geometry": { "type": "Point", "coordinates": [ 83.335416666666845, 27.618750000000148 ] } },
{ "type": "Feature", "properties": { "fid": 927, "HYBAS_ID": 4121469550.0 }, "geometry": { "type": "Point", "coordinates": [ 83.414583333333667, 27.53125 ] } },
{ "type": "Feature", "properties": { "fid": 928, "HYBAS_ID": 4121469690.0000005 }, "geometry": { "type": "Point", "coordinates": [ 83.347916666666947, 27.518750000000182 ] } },
{ "type": "Feature", "properties": { "fid": 929, "HYBAS_ID": 4121470520.0 }, "geometry": { "type": "Point", "coordinates": [ 83.393750000000352, 27.452083333333462 ] } },
{ "type": "Feature", "properties": { "fid": 930, "HYBAS_ID": 4121471930.0000005 }, "geometry": { "type": "Point", "coordinates": [ 83.352083333333553, 27.34375 ] } },
{ "type": "Feature", "properties": { "fid": 931, "HYBAS_ID": 4120811070.0 }, "geometry": { "type": "Point", "coordinates": [ 82.168750000000216, 28.610416666666879 ] } },
{ "type": "Feature", "properties": { "fid": 932, "HYBAS_ID": 4121455579.9999995 }, "geometry": { "type": "Point", "coordinates": [ 81.997916666666868, 28.577083333333462 ] } },
{ "type": "Feature", "properties": { "fid": 933, "HYBAS_ID": 4120814000.0000005 }, "geometry": { "type": "Point", "coordinates": [ 82.027083333333621, 28.518750000000182 ] } },
{ "type": "Feature", "properties": { "fid": 934, "HYBAS_ID": 4120814240.0 }, "geometry": { "type": "Point", "coordinates": [ 82.031250000000227, 28.510416666666742 ] } },
{ "type": "Feature", "properties": { "fid": 935, "HYBAS_ID": 4120815350.0 }, "geometry": { "type": "Point", "coordinates": [ 82.006250000000307, 28.468750000000114 ] } },
{ "type": "Feature", "properties": { "fid": 936, "HYBAS_ID": 4120815480.0 }, "geometry": { "type": "Point", "coordinates": [ 82.00208333333353, 28.460416666666845 ] } },
{ "type": "Feature", "properties": { "fid": 937, "HYBAS_ID": 4120816090.0000005 }, "geometry": { "type": "Point", "coordinates": [ 81.843750000000227, 28.43958333333353 ] } },
{ "type": "Feature", "properties": { "fid": 938, "HYBAS_ID": 4120816260.0000005 }, "geometry": { "type": "Point", "coordinates": [ 81.835416666667015, 28.435416666666754 ] } },
{ "type": "Feature", "properties": { "fid": 939, "HYBAS_ID": 4121457770.0 }, "geometry": { "type": "Point", "coordinates": [ 82.26458333333369, 28.41875 ] } },
{ "type": "Feature", "properties": { "fid": 940, "HYBAS_ID": 4121458260.0 }, "geometry": { "type": "Point", "coordinates": [ 82.18958333333353, 28.389583333333462 ] } },
{ "type": "Feature", "properties": { "fid": 941, "HYBAS_ID": 4121459340.0 }, "geometry": { "type": "Point", "coordinates": [ 82.243750000000205, 28.310416666666868 ] } },
{ "type": "Feature", "properties": { "fid": 942, "HYBAS_ID": 4121459630.0 }, "geometry": { "type": "Point", "coordinates": [ 82.247916666666811, 28.289583333333383 ] } },
{ "type": "Feature", "properties": { "fid": 943, "HYBAS_ID": 4120833930.0 }, "geometry": { "type": "Point", "coordinates": [ 87.431250000000261, 27.847916666666777 ] } },
{ "type": "Feature", "properties": { "fid": 944, "HYBAS_ID": 4121466149.9999995 }, "geometry": { "type": "Point", "coordinates": [ 87.081250000000182, 27.802083333333314 ] } },
{ "type": "Feature", "properties": { "fid": 945, "HYBAS_ID": 4120836670.0 }, "geometry": { "type": "Point", "coordinates": [ 87.452083333333576, 27.772916666666788 ] } },
{ "type": "Feature", "properties": { "fid": 946, "HYBAS_ID": 4120836980.0 }, "geometry": { "type": "Point", "coordinates": [ 87.452083333333576, 27.764583333333519 ] } },
{ "type": "Feature", "properties": { "fid": 947, "HYBAS_ID": 4120838660.0000005 }, "geometry": { "type": "Point", "coordinates": [ 87.302083333333599, 27.71875 ] } },
{ "type": "Feature", "properties": { "fid": 948, "HYBAS_ID": 4120838670.0 }, "geometry": { "type": "Point", "coordinates": [ 87.306250000000205, 27.71875 ] } },
{ "type": "Feature", "properties": { "fid": 949, "HYBAS_ID": 4120839480.0 }, "geometry": { "type": "Point", "coordinates": [ 87.368750000000318, 27.697916666666742 ] } },
{ "type": "Feature", "properties": { "fid": 950, "HYBAS_ID": 4120839640.0 }, "geometry": { "type": "Point", "coordinates": [ 87.360416666666879, 27.693750000000136 ] } },
{ "type": "Feature", "properties": { "fid": 951, "HYBAS_ID": 4120841979.9999995 }, "geometry": { "type": "Point", "coordinates": [ 87.360416666666879, 27.610416666666879 ] } },
{ "type": "Feature", "properties": { "fid": 952, "HYBAS_ID": 4120842250.0 }, "geometry": { "type": "Point", "coordinates": [ 87.360416666666879, 27.602083333333439 ] } },
{ "type": "Feature", "properties": { "fid": 953, "HYBAS_ID": 4120842700.0 }, "geometry": { "type": "Point", "coordinates": [ 87.29375000000033, 27.581250000000125 ] } },
{ "type": "Feature", "properties": { "fid": 954, "HYBAS_ID": 4120842830.0 }, "geometry": { "type": "Point", "coordinates": [ 87.297916666666936, 27.577083333333519 ] } },
{ "type": "Feature", "properties": { "fid": 955, "HYBAS_ID": 4120843259.9999995 }, "geometry": { "type": "Point", "coordinates": [ 87.25208333333353, 27.564583333333474 ] } },
{ "type": "Feature", "properties": { "fid": 956, "HYBAS_ID": 4121469070.0 }, "geometry": { "type": "Point", "coordinates": [ 87.639583333333576, 27.564583333333474 ] } },
{ "type": "Feature", "properties": { "fid": 957, "HYBAS_ID": 4120843540.0 }, "geometry": { "type": "Point", "coordinates": [ 87.26041666666697, 27.560416666666811 ] } },
{ "type": "Feature", "properties": { "fid": 958, "HYBAS_ID": 4120844010.0 }, "geometry": { "type": "Point", "coordinates": [ 87.231250000000216, 27.543750000000159 ] } },
{ "type": "Feature", "properties": { "fid": 959, "HYBAS_ID": 4120844020.0 }, "geometry": { "type": "Point", "coordinates": [ 87.235416666666822, 27.543750000000159 ] } },
{ "type": "Feature", "properties": { "fid": 960, "HYBAS_ID": 4120845480.0 }, "geometry": { "type": "Point", "coordinates": [ 87.610416666666879, 27.485416666666822 ] } },
{ "type": "Feature", "properties": { "fid": 961, "HYBAS_ID": 4120845490.0 }, "geometry": { "type": "Point", "coordinates": [ 87.614583333333655, 27.485416666666822 ] } },
{ "type": "Feature", "properties": { "fid": 962, "HYBAS_ID": 4120845770.0 }, "geometry": { "type": "Point", "coordinates": [ 87.085416666667015, 27.477083333333383 ] } },
{ "type": "Feature", "properties": { "fid": 963, "HYBAS_ID": 4120845989.9999995 }, "geometry": { "type": "Point", "coordinates": [ 87.085416666667015, 27.472916666666777 ] } },
{ "type": "Feature", "properties": { "fid": 964, "HYBAS_ID": 4121470810.0000005 }, "geometry": { "type": "Point", "coordinates": [ 87.322916666666913, 27.435416666666754 ] } },
{ "type": "Feature", "properties": { "fid": 965, "HYBAS_ID": 4121471250.0 }, "geometry": { "type": "Point", "coordinates": [ 87.281250000000284, 27.397916666666731 ] } },
{ "type": "Feature", "properties": { "fid": 966, "HYBAS_ID": 4120852900.0000005 }, "geometry": { "type": "Point", "coordinates": [ 87.32708333333369, 27.26875 ] } },
{ "type": "Feature", "properties": { "fid": 967, "HYBAS_ID": 4120853070.0 }, "geometry": { "type": "Point", "coordinates": [ 87.32708333333369, 27.264583333333462 ] } },
{ "type": "Feature", "properties": { "fid": 968, "HYBAS_ID": 4121479630.0 }, "geometry": { "type": "Point", "coordinates": [ 86.714583333333621, 26.768750000000182 ] } },
{ "type": "Feature", "properties": { "fid": 969, "HYBAS_ID": 4121479640.0 }, "geometry": { "type": "Point", "coordinates": [ 86.881250000000307, 26.768750000000182 ] } },
{ "type": "Feature", "properties": { "fid": 970, "HYBAS_ID": 4120868980.0 }, "geometry": { "type": "Point", "coordinates": [ 86.527083333333621, 26.743750000000205 ] } },
{ "type": "Feature", "properties": { "fid": 971, "HYBAS_ID": 4120869230.0 }, "geometry": { "type": "Point", "coordinates": [ 86.527083333333621, 26.739583333333428 ] } },
{ "type": "Feature", "properties": { "fid": 972, "HYBAS_ID": 4120870040.0 }, "geometry": { "type": "Point", "coordinates": [ 86.993750000000318, 26.710416666666845 ] } },
{ "type": "Feature", "properties": { "fid": 973, "HYBAS_ID": 4120870050.0 }, "geometry": { "type": "Point", "coordinates": [ 86.997916666666924, 26.710416666666845 ] } },
{ "type": "Feature", "properties": { "fid": 974, "HYBAS_ID": 4120874290.0 }, "geometry": { "type": "Point", "coordinates": [ 86.964583333333564, 26.56875 ] } },
{ "type": "Feature", "properties": { "fid": 975, "HYBAS_ID": 4120874299.9999995 }, "geometry": { "type": "Point", "coordinates": [ 86.972916666667004, 26.56875 ] } },
{ "type": "Feature", "properties": { "fid": 976, "HYBAS_ID": 4120875429.9999995 }, "geometry": { "type": "Point", "coordinates": [ 86.927083333333599, 26.53541666666672 ] } },
{ "type": "Feature", "properties": { "fid": 977, "HYBAS_ID": 4120875599.9999995 }, "geometry": { "type": "Point", "coordinates": [ 86.931250000000205, 26.531250000000114 ] } },
{ "type": "Feature", "properties": { "fid": 978, "HYBAS_ID": 4121483650.0 }, "geometry": { "type": "Point", "coordinates": [ 86.835416666666902, 26.468750000000171 ] } },
{ "type": "Feature", "properties": { "fid": 979, "HYBAS_ID": 4121475800.0 }, "geometry": { "type": "Point", "coordinates": [ 85.572916666666913, 27.05625 ] } },
{ "type": "Feature", "properties": { "fid": 980, "HYBAS_ID": 4121476290.0 }, "geometry": { "type": "Point", "coordinates": [ 85.622916666666981, 27.018750000000125 ] } },
{ "type": "Feature", "properties": { "fid": 981, "HYBAS_ID": 4121478190.0 }, "geometry": { "type": "Point", "coordinates": [ 85.57708333333369, 26.87708333333353 ] } },
{ "type": "Feature", "properties": { "fid": 982, "HYBAS_ID": 4121472840.0 }, "geometry": { "type": "Point", "coordinates": [ 85.627083333333587, 27.272916666666674 ] } },
{ "type": "Feature", "properties": { "fid": 983, "HYBAS_ID": 4121473000.0 }, "geometry": { "type": "Point", "coordinates": [ 85.743750000000205, 27.256250000000193 ] } },
{ "type": "Feature", "properties": { "fid": 984, "HYBAS_ID": 4120862520.0 }, "geometry": { "type": "Point", "coordinates": [ 86.360416666666936, 26.964583333333451 ] } },
{ "type": "Feature", "properties": { "fid": 985, "HYBAS_ID": 4120862650.0000005 }, "geometry": { "type": "Point", "coordinates": [ 86.364583333333542, 26.960416666666788 ] } },
{ "type": "Feature", "properties": { "fid": 986, "HYBAS_ID": 4120863119.9999995 }, "geometry": { "type": "Point", "coordinates": [ 86.277083333333678, 26.947916666666742 ] } },
{ "type": "Feature", "properties": { "fid": 987, "HYBAS_ID": 4120863130.0000005 }, "geometry": { "type": "Point", "coordinates": [ 86.285416666666947, 26.947916666666742 ] } },
{ "type": "Feature", "properties": { "fid": 988, "HYBAS_ID": 4121464160.0 }, "geometry": { "type": "Point", "coordinates": [ 85.789583333333667, 27.952083333333519 ] } },
{ "type": "Feature", "properties": { "fid": 989, "HYBAS_ID": 4121465679.9999995 }, "geometry": { "type": "Point", "coordinates": [ 85.768750000000352, 27.847916666666777 ] } },
{ "type": "Feature", "properties": { "fid": 990, "HYBAS_ID": 4120834319.9999995 }, "geometry": { "type": "Point", "coordinates": [ 85.581250000000352, 27.839583333333508 ] } },
{ "type": "Feature", "properties": { "fid": 991, "HYBAS_ID": 4120834420.0 }, "geometry": { "type": "Point", "coordinates": [ 85.572916666666913, 27.835416666666731 ] } },
{ "type": "Feature", "properties": { "fid": 992, "HYBAS_ID": 4121481120.0 }, "geometry": { "type": "Point", "coordinates": [ 86.44791666666697, 26.652083333333337 ] } },
{ "type": "Feature", "properties": { "fid": 993, "HYBAS_ID": 4121481390.0 }, "geometry": { "type": "Point", "coordinates": [ 86.343750000000227, 26.635416666666856 ] } },
{ "type": "Feature", "properties": { "fid": 994, "HYBAS_ID": 4121463780.0000005 }, "geometry": { "type": "Point", "coordinates": [ 86.697916666666913, 27.985416666666879 ] } },
{ "type": "Feature", "properties": { "fid": 995, "HYBAS_ID": 4121464300.0 }, "geometry": { "type": "Point", "coordinates": [ 86.610416666666879, 27.94375 ] } },
{ "type": "Feature", "properties": { "fid": 996, "HYBAS_ID": 4120832800.0 }, "geometry": { "type": "Point", "coordinates": [ 86.818750000000193, 27.885416666666799 ] } },
{ "type": "Feature", "properties": { "fid": 997, "HYBAS_ID": 4120832930.0 }, "geometry": { "type": "Point", "coordinates": [ 86.822916666667027, 27.881250000000136 ] } },
{ "type": "Feature", "properties": { "fid": 998, "HYBAS_ID": 4121465520.0000005 }, "geometry": { "type": "Point", "coordinates": [ 86.643750000000239, 27.860416666666822 ] } },
{ "type": "Feature", "properties": { "fid": 999, "HYBAS_ID": 4120834330.0000005 }, "geometry": { "type": "Point", "coordinates": [ 86.743750000000205, 27.839583333333508 ] } },
{ "type": "Feature", "properties": { "fid": 1000, "HYBAS_ID": 4120834340.0000005 }, "geometry": { "type": "Point", "coordinates": [ 86.752083333333644, 27.839583333333508 ] } },
{ "type": "Feature", "properties": { "fid": 1001, "HYBAS_ID": 4120836040.0 }, "geometry": { "type": "Point", "coordinates": [ 86.72291666666689, 27.789583333333439 ] } },
{ "type": "Feature", "properties": { "fid": 1002, "HYBAS_ID": 4120836050.0 }, "geometry": { "type": "Point", "coordinates": [ 86.727083333333667, 27.789583333333439 ] } },
{ "type": "Feature", "properties": { "fid": 1003, "HYBAS_ID": 4121467099.9999995 }, "geometry": { "type": "Point", "coordinates": [ 86.939583333333644, 27.72291666666672 ] } },
{ "type": "Feature", "properties": { "fid": 1004, "HYBAS_ID": 4121467650.0 }, "geometry": { "type": "Point", "coordinates": [ 86.714583333333621, 27.672916666666822 ] } },
{ "type": "Feature", "properties": { "fid": 1005, "HYBAS_ID": 4121467890.0 }, "geometry": { "type": "Point", "coordinates": [ 86.814583333333587, 27.656250000000114 ] } },
{ "type": "Feature", "properties": { "fid": 1006, "HYBAS_ID": 4121468270.0 }, "geometry": { "type": "Point", "coordinates": [ 86.697916666666913, 27.631250000000193 ] } },
{ "type": "Feature", "properties": { "fid": 1007, "HYBAS_ID": 4121468810.0 }, "geometry": { "type": "Point", "coordinates": [ 86.902083333333621, 27.581250000000125 ] } },
{ "type": "Feature", "properties": { "fid": 1008, "HYBAS_ID": 4121469000.0 }, "geometry": { "type": "Point", "coordinates": [ 86.677083333333599, 27.56875 ] } },
{ "type": "Feature", "properties": { "fid": 1009, "HYBAS_ID": 4121469360.0000005 }, "geometry": { "type": "Point", "coordinates": [ 86.581250000000296, 27.547916666666765 ] } },
{ "type": "Feature", "properties": { "fid": 1010, "HYBAS_ID": 4121469910.0 }, "geometry": { "type": "Point", "coordinates": [ 86.839583333333678, 27.506250000000136 ] } },
{ "type": "Feature", "properties": { "fid": 1011, "HYBAS_ID": 4120845640.0 }, "geometry": { "type": "Point", "coordinates": [ 86.714583333333621, 27.48125 ] } },
{ "type": "Feature", "properties": { "fid": 1012, "HYBAS_ID": 4120845760.0 }, "geometry": { "type": "Point", "coordinates": [ 86.72291666666689, 27.477083333333383 ] } },
{ "type": "Feature", "properties": { "fid": 1013, "HYBAS_ID": 4120846360.0 }, "geometry": { "type": "Point", "coordinates": [ 86.727083333333667, 27.460416666666674 ] } },
{ "type": "Feature", "properties": { "fid": 1014, "HYBAS_ID": 4120846540.0 }, "geometry": { "type": "Point", "coordinates": [ 86.735416666666936, 27.45625 ] } },
{ "type": "Feature", "properties": { "fid": 1015, "HYBAS_ID": 4120870760.0 }, "geometry": { "type": "Point", "coordinates": [ 87.152083333333564, 26.685416666666754 ] } },
{ "type": "Feature", "properties": { "fid": 1016, "HYBAS_ID": 4120870949.9999995 }, "geometry": { "type": "Point", "coordinates": [ 87.152083333333564, 26.677083333333485 ] } },
{ "type": "Feature", "properties": { "fid": 1017, "HYBAS_ID": 4121482480.0000005 }, "geometry": { "type": "Point", "coordinates": [ 87.177083333333542, 26.547916666666765 ] } },
{ "type": "Feature", "properties": { "fid": 1018, "HYBAS_ID": 4121482710.0 }, "geometry": { "type": "Point", "coordinates": [ 87.09791666666689, 26.53541666666672 ] } },
{ "type": "Feature", "properties": { "fid": 1019, "HYBAS_ID": 4121462560.0 }, "geometry": { "type": "Point", "coordinates": [ 84.064583333333587, 28.06458333333353 ] } },
{ "type": "Feature", "properties": { "fid": 1020, "HYBAS_ID": 4121462789.9999995 }, "geometry": { "type": "Point", "coordinates": [ 84.231250000000273, 28.052083333333485 ] } },
{ "type": "Feature", "properties": { "fid": 1021, "HYBAS_ID": 4120829189.9999995 }, "geometry": { "type": "Point", "coordinates": [ 84.077083333333633, 28.027083333333508 ] } },
{ "type": "Feature", "properties": { "fid": 1022, "HYBAS_ID": 4120829440.0 }, "geometry": { "type": "Point", "coordinates": [ 84.081250000000296, 28.01875 ] } },
{ "type": "Feature", "properties": { "fid": 1023, "HYBAS_ID": 4120830799.9999995 }, "geometry": { "type": "Point", "coordinates": [ 84.264583333333633, 27.972916666666833 ] } },
{ "type": "Feature", "properties": { "fid": 1024, "HYBAS_ID": 4120830960.0000005 }, "geometry": { "type": "Point", "coordinates": [ 84.264583333333633, 27.964583333333394 ] } },
{ "type": "Feature", "properties": { "fid": 1025, "HYBAS_ID": 4120831300.0000005 }, "geometry": { "type": "Point", "coordinates": [ 84.418750000000273, 27.952083333333519 ] } },
{ "type": "Feature", "properties": { "fid": 1026, "HYBAS_ID": 4121465039.9999995 }, "geometry": { "type": "Point", "coordinates": [ 84.331250000000239, 27.885416666666799 ] } },
{ "type": "Feature", "properties": { "fid": 1027, "HYBAS_ID": 4120834970.0000005 }, "geometry": { "type": "Point", "coordinates": [ 87.864583333333599, 27.818750000000193 ] } },
{ "type": "Feature", "properties": { "fid": 1028, "HYBAS_ID": 4120834980.0000005 }, "geometry": { "type": "Point", "coordinates": [ 87.868750000000261, 27.818750000000193 ] } },
{ "type": "Feature", "properties": { "fid": 1029, "HYBAS_ID": 4120836160.0 }, "geometry": { "type": "Point", "coordinates": [ 88.031250000000284, 27.785416666666833 ] } },
{ "type": "Feature", "properties": { "fid": 1030, "HYBAS_ID": 4120836340.0 }, "geometry": { "type": "Point", "coordinates": [ 88.031250000000284, 27.78125 ] } },
{ "type": "Feature", "properties": { "fid": 1031, "HYBAS_ID": 4121467109.9999995 }, "geometry": { "type": "Point", "coordinates": [ 87.968750000000341, 27.72291666666672 ] } },
{ "type": "Feature", "properties": { "fid": 1032, "HYBAS_ID": 4120840580.0000005 }, "geometry": { "type": "Point", "coordinates": [ 87.793750000000216, 27.664583333333383 ] } },
{ "type": "Feature", "properties": { "fid": 1033, "HYBAS_ID": 4120840590.0 }, "geometry": { "type": "Point", "coordinates": [ 87.797916666666879, 27.664583333333383 ] } },
{ "type": "Feature", "properties": { "fid": 1034, "HYBAS_ID": 4121467990.0 }, "geometry": { "type": "Point", "coordinates": [ 87.918750000000273, 27.652083333333508 ] } },
{ "type": "Feature", "properties": { "fid": 1035, "HYBAS_ID": 4121468680.0 }, "geometry": { "type": "Point", "coordinates": [ 88.022916666666845, 27.589583333333394 ] } },
{ "type": "Feature", "properties": { "fid": 1036, "HYBAS_ID": 4120844130.0 }, "geometry": { "type": "Point", "coordinates": [ 87.802083333333655, 27.53541666666672 ] } },
{ "type": "Feature", "properties": { "fid": 1037, "HYBAS_ID": 4120844140.0 }, "geometry": { "type": "Point", "coordinates": [ 87.806250000000318, 27.53541666666672 ] } },
{ "type": "Feature", "properties": { "fid": 1038, "HYBAS_ID": 4120844210.0 }, "geometry": { "type": "Point", "coordinates": [ 87.802083333333655, 27.53125 ] } },
{ "type": "Feature", "properties": { "fid": 1039, "HYBAS_ID": 4120844310.0 }, "geometry": { "type": "Point", "coordinates": [ 87.806250000000318, 27.527083333333451 ] } },
{ "type": "Feature", "properties": { "fid": 1040, "HYBAS_ID": 4121470430.0 }, "geometry": { "type": "Point", "coordinates": [ 87.722916666666833, 27.460416666666674 ] } },
{ "type": "Feature", "properties": { "fid": 1041, "HYBAS_ID": 4121470540.0 }, "geometry": { "type": "Point", "coordinates": [ 87.91041666666689, 27.452083333333462 ] } },
{ "type": "Feature", "properties": { "fid": 1042, "HYBAS_ID": 4120863140.0000005 }, "geometry": { "type": "Point", "coordinates": [ 86.427083333333655, 26.947916666666742 ] } },
{ "type": "Feature", "properties": { "fid": 1043, "HYBAS_ID": 4120863439.9999995 }, "geometry": { "type": "Point", "coordinates": [ 86.427083333333655, 26.939583333333474 ] } },
{ "type": "Feature", "properties": { "fid": 1044, "HYBAS_ID": 4121479250.0 }, "geometry": { "type": "Point", "coordinates": [ 86.668750000000216, 26.797916666666708 ] } },
{ "type": "Feature", "properties": { "fid": 1045, "HYBAS_ID": 4121479320.0 }, "geometry": { "type": "Point", "coordinates": [ 86.822916666667027, 26.793750000000102 ] } }
]
}
